,date,volume,volume_weighted_average,open_price,close_price,highest_price,lowest_price,10_day_ma,100_day_ma,daily_return,cumulative_return,volatility,sharpe_ratio,beta
0,2023-01-03,11054778,135.1124,135.24,135.12,136.74,133.89,135.12,135.12,0.0,0.0,0.0,0.0,0.34221331496582047
1,2023-01-04,11687643,136.4908,135.99,136.38,137.68,135.57,135.75,135.75,0.009325044404973282,0.009325044404973282,0.12768842925853016,0.008770877191120286,0.34221331496582047
2,2023-01-05,8381265,134.988,135.66,135.35,135.71,133.7004,135.61666666666667,135.61666666666667,-0.00755242704208825,0.001702190645352264,0.16371557841023535,0.0068407633691846695,0.34221331496582047
3,2023-01-06,10029076,137.3405,136.125,137.94,138.38,134.49,136.1975,136.1975,0.019135574436645708,0.02087033747779743,0.22385198662277575,0.0050030359285615136,0.34221331496582047
4,2023-01-09,8482297,137.7288,138.6,137.37,138.88,136.88,136.432,136.432,-0.004132231404958664,0.01665186500888094,0.21012375446238696,0.005329904439500639,0.34221331496582047
5,2023-01-10,9048665,138.3062,137.79,138.6,138.72,137.31,136.79333333333332,136.79333333333332,0.00895392006988427,0.0257548845470692,0.19308211581164095,0.005800327632861465,0.34221331496582047
6,2023-01-11,8703698,139.24,138.9,139.63,139.75,138.1,137.19857142857143,137.19857142857143,0.0074314574314573445,0.03337773830669022,0.1777540547976429,0.006300500616025719,0.34221331496582047
7,2023-01-12,11001666,139.93,140.0,139.49,140.86,139.22,137.485,137.485,-0.0010026498603451506,0.03234162226169324,0.16919553117200248,0.006619202788607338,0.34221331496582047
8,2023-01-13,20200047,140.7266,135.6,143.01,143.49,134.8,138.47125,138.09888888888887,0.025234783855473397,0.0583925399644758,0.20928884500671815,0.005351166860888685,0.34221331496582047
9,2023-01-17,14292881,140.456,141.17,140.8,141.54,139.225,139.8166666666667,138.369,-0.015453464792671734,0.04203670811130844,0.23834089508612144,0.0046988979014656405,0.34221331496582047
10,2023-01-18,13389161,137.7384,138.92,136.57,140.73,136.41,139.35285714285715,138.20545454545456,-0.030042613636363735,0.010731201894611964,0.3018033443375187,0.0037108254522890427,0.34221331496582047
11,2023-01-19,13303371,134.8734,135.32,134.75,135.9,133.59,138.97857142857143,137.9175,-0.013326499231163469,-0.002738306690349468,0.2988177622629431,0.003747901474371305,0.34221331496582047
12,2023-01-20,13092492,134.7617,135.16,135.08,135.49,133.55,138.4757142857143,137.69923076923075,0.002448979591836764,-0.000296033155713582,0.28642850874852693,0.003910014183458539,0.34221331496582047
13,2023-01-23,10483768,136.9099,135.115,137.27,137.96,134.82,136.894,137.66857142857143,0.016212614746816678,0.015911782119597317,0.2875813691630482,0.0038943396611991693,0.34221331496582047
14,2023-01-24,6944991,138.3662,140.29,138.45,140.29,135.0,137.15333333333334,137.72066666666666,0.008596197275442474,0.024644760213143657,0.279556571451807,0.00400612844097169,0.34221331496582047
15,2023-01-25,8962387,138.3453,138.05,139.12,139.12,137.25,137.43428571428572,137.808125,0.004839292163235864,0.02960331557134377,0.270498647843621,0.004140277745125998,0.34221331496582047
16,2023-01-26,7487631,139.5063,139.42,139.98,140.06,138.36,137.7525,137.93588235294118,0.006181713628522045,0.03596802841918256,0.2626740793418104,0.004263608859160681,0.34221331496582047
17,2023-01-27,7489946,140.5262,140.61,140.32,141.255,139.7499,137.6925,138.06833333333333,0.0024289184169168365,0.03848431024274701,0.2548340787842672,0.004394779289710763,0.34221331496582047
18,2023-01-30,6729255,139.4634,139.23,139.13,140.09,138.91,139.045,138.1242105263158,-0.008480615735461772,0.02967732386027211,0.2521439608960373,0.004441667084842005,0.34221331496582047
19,2023-01-31,9188738,139.3323,139.88,139.96,140.07,138.25,139.1757142857143,138.216,0.00596564364263652,0.035820011841326105,0.24613893163168063,0.004550030035189568,0.34221331496582047
20,2023-02-01,8841846,139.5571,138.21,139.59,140.875,138.12,139.2275,138.28142857142856,-0.002643612460703104,0.03308170515097664,0.2406529495693742,0.004653753605586987,0.34221331496582047
21,2023-02-02,11822064,139.0708,140.0,138.94,140.46,138.0,139.43625,138.31136363636364,-0.004656494018196233,0.028271166370633205,0.2420428705255652,0.0046270296221566564,0.34221331496582047
22,2023-02-03,11439232,140.7472,138.18,141.09,142.33,138.13,139.76624999999999,138.43217391304347,0.015474305455592363,0.04418294849023052,0.24715741298398833,0.004531280361905115,0.34221331496582047
23,2023-02-06,8406231,141.3295,140.23,141.92,142.24,140.0313,140.105,138.57750000000001,0.005882769863207793,0.050325636471284296,0.2386233464766024,0.00469333595513644,0.34221331496582047
24,2023-02-07,10447888,143.0404,141.38,143.65,144.34,141.18,140.61142857142858,138.78040000000001,0.01218996617812862,0.06312907045589067,0.23693110899988812,0.004726857256022667,0.34221331496582047
25,2023-02-08,6957965,143.0633,142.65,142.64,144.04,142.2763,140.865,138.92884615384617,-0.007030978071702165,0.05565423327412611,0.23864936855441776,0.004692824198687312,0.34221331496582047
26,2023-02-09,6443109,141.0556,143.12,140.42,143.34,139.87,141.02625,138.98407407407407,-0.015563656758272537,0.03922439313203019,0.24732919355366917,0.00452813319633696,0.34221331496582047
27,2023-02-10,6582853,140.4591,139.78,141.04,141.28,138.59,141.16125,139.0575,0.004415325452214791,0.0438129070455886,0.24611530041738525,0.004550466914711604,0.34221331496582047
28,2023-02-13,7134607,142.3043,141.3,142.57,142.73,140.74,142.04,139.17862068965516,0.010847986386840702,0.05513617525162773,0.23156064709269703,0.004836484721453083,0.34221331496582047
29,2023-02-14,9249399,143.0121,142.5,143.2,143.81,141.595,142.2057142857143,139.31266666666667,0.004418881952724885,0.05979869745411426,0.22649870265825314,0.004944573715476909,0.34221331496582047
30,2023-02-15,6731172,143.2147,141.61,143.8,143.89,141.3,142.405,139.45741935483872,0.0041899441340784715,0.06423919478981621,0.2216751130904633,0.00505216628127571,0.34221331496582047
31,2023-02-16,8165306,142.329,142.91,141.82,143.39,141.676,142.39249999999998,139.53125,-0.013769123783032078,0.049585553582000896,0.21963551172918658,0.005099082215514031,0.34221331496582047
32,2023-02-17,7948829,141.8221,140.98,142.24,142.83,140.07,142.21625,139.61333333333332,0.0029615004935834577,0.052693901716992064,0.17588479957499595,0.006367460601824689,0.34221331496582047
33,2023-02-21,9996283,139.6909,140.69,139.63,141.34,138.75,142.21,139.61382352941177,-0.018349268841394872,0.03337773830669,0.1891763869119298,0.005920080989151152,0.34221331496582047
34,2023-02-22,11104036,138.6308,138.92,138.56,139.43,137.435,141.68857142857144,139.5837142857143,-0.00766310964692396,0.02545885139135562,0.1813993377267591,0.006173889859733544,0.34221331496582047
35,2023-02-23,8068010,139.2911,138.73,139.67,140.17,137.94,141.2742857142857,139.5861111111111,0.008010969976905313,0.03367377146240358,0.180925067293639,0.006190073871499361,0.34221331496582047
36,2023-02-24,9126888,140.5161,139.11,140.93,141.36,138.93,140.95000000000002,139.62243243243242,0.009021264408964225,0.04299881586737708,0.18366554263832924,0.006097711719170876,0.34221331496582047
37,2023-02-27,10014654,142.4964,142.11,142.16,143.31,141.7201,140.19,139.68921052631578,0.008727737174483607,0.05210183540556512,0.19007635027165384,0.005892050905612509,0.34221331496582047
38,2023-02-28,11019757,143.0952,142.94,143.35,143.76,141.9001,140.71666666666667,139.78307692307692,0.008370849746764275,0.060908821788040024,0.18807979577820794,0.005954597765909429,0.34221331496582047
39,2023-03-01,7139155,142.6185,142.1,142.55,143.4583,141.8,140.97857142857143,139.85225,-0.005580746424834193,0.05498815867377127,0.1857050544087859,0.006030743402860407,0.34221331496582047
40,2023-03-02,11107549,140.7496,142.24,141.07,142.43,139.54,140.98999999999998,139.8819512195122,-0.010382321992283505,0.04403493191237384,0.19062479413096417,0.005875098970515824,0.34221331496582047
41,2023-03-03,9513063,142.8166,141.51,143.66,143.74,141.08,141.49375,139.97190476190477,0.018359679591692046,0.06320307874481901,0.2044513412666513,0.00547778031102746,0.34221331496582047
42,2023-03-06,9261255,143.2345,143.44,142.82,144.04,142.66,142.60166666666666,140.03813953488373,-0.005847139078379526,0.05698638247483667,0.20046886950997828,0.005586600725046109,0.34221331496582047
43,2023-03-07,11747620,139.4929,142.01,138.62,142.31,137.81,142.03285714285715,140.00590909090909,-0.029407645987956754,0.02590290112492566,0.23307280582492576,0.0048051059744604815,0.34221331496582047
44,2023-03-08,10002548,137.7267,138.0,137.8,138.59,136.885,141.50375,139.95688888888887,-0.005915452315683134,0.019834221432800225,0.23208755634941966,0.004825504431902813,0.34221331496582047
45,2023-03-09,25888097,131.8995,136.76,130.34,137.35,129.215,140.02625,139.7478260869565,-0.05413642960812781,-0.0353759621077564,0.31430315761785743,0.003563246199121189,0.34221331496582047
46,2023-03-10,37599655,132.574,128.96,133.65,135.26,127.82,138.81375,139.61808510638298,0.025395120454196674,-0.01087921847246931,0.3383407503270615,0.0033100935393416673,0.34221331496582047
47,2023-03-13,42901132,131.7512,131.21,131.25,133.88,129.41,135.74666666666667,139.44375,-0.017957351290684653,-0.028641207815275682,0.34733375631407676,0.003224390118710237,0.34221331496582047
48,2023-03-14,29648116,133.2389,135.28,134.62,135.53,131.29,135.5857142857143,139.345306122449,0.025676190476190408,-0.003700414446418443,0.36019742199531246,0.0031092380549247608,0.34221331496582047
49,2023-03-15,34280607,128.5102,130.98,128.26,130.99,126.73,134.67000000000002,139.1236,-0.047244094488189115,-0.05076968620485556,0.4023792716126671,0.0027832933025229976,0.34221331496582047
50,2023-03-16,24570587,129.7008,128.01,130.75,131.95,126.02,133.16125,138.9594117647059,0.01941369094027756,-0.0323416222616939,0.4136623798803584,0.0027073758364914236,0.34221331496582047
51,2023-03-17,38395982,126.205,128.38,125.81,128.48,125.45,131.56,138.70653846153846,-0.037782026768642396,-0.06890171699230363,0.4353442976206445,0.002572537501638587,0.34221331496582047
52,2023-03-20,22868705,127.3481,126.99,127.14,129.47,126.01,129.63833333333335,138.48830188679244,0.010571496701375027,-0.05905861456483186,0.44941449199039907,0.002491996924250373,0.34221331496582047
53,2023-03-21,17807808,130.7081,130.59,130.55,131.73,130.19,129.76857142857142,138.3412962962963,0.026820827434324457,-0.033821788040261036,0.4586284117052082,0.0024419322989380782,0.34221331496582047
54,2023-03-22,17250168,128.9063,130.56,127.18,130.655,127.08,129.445,138.13836363636364,-0.025813864419762522,-0.058762581409118275,0.456706401249131,0.0024522089655202735,0.34221331496582047
55,2023-03-23,16671515,127.6119,127.9,126.84,129.53,126.02,128.89375,137.93660714285713,-0.0026733763170310176,-0.0612788632326825,0.4529752925048936,0.0024724075469116664,0.34221331496582047
56,2023-03-24,22326916,124.4906,125.63,124.91,125.68,123.11,127.68,137.7080701754386,-0.015216020182907686,-0.075562462995856,0.4551067457143149,0.0024608282393085872,0.34221331496582047
57,2023-03-27,18853935,128.1355,126.79,128.49,129.38,126.29,127.51833333333336,137.5491379310345,0.028660635657673517,-0.04906749555950318,0.48132117007606534,0.002326802977680432,0.34221331496582047
58,2023-03-28,10813866,128.6805,128.71,128.88,129.3417,127.744,127.71285714285715,137.4022033898305,0.0030352556619190896,-0.04618117229129726,0.4706424955783813,0.0023795971300409327,0.34221331496582047
59,2023-03-29,14595260,129.0757,130.1,129.14,130.22,127.77,127.89125000000001,137.26450000000003,0.002017380509000466,-0.044256956779160084,0.46827012226603615,0.002391652763012184,0.34221331496582047
60,2023-03-30,12134675,128.7189,129.95,128.75,130.12,127.65,128.0925,137.1249180327869,-0.0030199783181042994,-0.04714328004736601,0.465215735623953,0.002407355224671285,0.34221331496582047
61,2023-03-31,13105215,129.8575,129.66,130.31,130.34,128.8514,128.0625,137.01500000000001,0.012116504854368992,-0.03559798697454175,0.47025453008140533,0.0023815603255533694,0.34221331496582047
62,2023-04-03,11775388,130.2373,129.91,130.16,131.44,129.41,129.28833333333333,136.9061904761905,-0.001151101220167372,-0.036708111308467184,0.4713441164207581,0.0023760549728680056,0.34221331496582047
63,2023-04-04,11579916,128.3457,130.5,128.42,130.59,127.41,129.16428571428568,136.77359375,-0.013368162261831684,-0.049585553582001896,0.46147163803477514,0.0024268870271702877,0.34221331496582047
64,2023-04-05,9614692,127.4982,126.8,127.61,128.15,126.46,128.97,136.6326153846154,-0.006307428749415922,-0.05558022498519899,0.46149401878727186,0.0024267693321283557,0.34221331496582047
65,2023-04-06,8760220,127.5575,127.0,127.47,128.08,126.8553,128.8425,136.49378787878788,-0.0010970927043335577,-0.05661634103019608,0.4492097423993794,0.0024931327752858766,0.34221331496582047
66,2023-04-10,9477292,127.689,126.54,127.89,128.23,126.22,128.31,136.36537313432837,0.0032948929159801743,-0.053507992895205025,0.3947854238419439,0.0028368310077273697,0.34221331496582047
67,2023-04-11,10516267,128.3428,128.3,128.52,128.94,127.54,128.345,136.25,0.0049261083743843415,-0.048845470692718274,0.3859011157083458,0.0029021412122582206,0.34221331496582047
68,2023-04-12,11820995,128.889,129.18,128.5,130.43,128.0603,128.36714285714285,136.13768115942028,-0.00015561780267669967,-0.048993487270575065,0.37908658530401484,0.0029543106381764053,0.34221331496582047
69,2023-04-13,12450242,128.4472,128.46,128.99,129.04,126.83,128.20000000000002,136.04884057971012,0.0038132295719846,-0.045367081113085295,0.36126998967942153,0.003100007096485966,0.34221331496582047
70,2023-04-14,43931328,137.9447,135.15,138.73,139.12,134.9001,129.67285714285714,136.08289855072462,0.07550972943639023,0.026716992303137177,0.43669538806780855,0.0025645783361919043,0.34221331496582047
71,2023-04-17,16044486,139.0911,139.95,139.83,140.06,137.66,132.07666666666668,136.12147058823527,0.007929070857060738,0.03485790408525702,0.40127101599181575,0.0027909803776519472,0.34221331496582047
72,2023-04-18,13760139,140.9172,140.27,141.4,141.78,139.03,133.40857142857143,136.19797101449277,0.011227919616677351,0.046477205447009506,0.39186028525874106,0.002858007238508834,0.34221331496582047
73,2023-04-19,9131512,141.0568,141.23,141.22,141.5,140.4,134.385,136.25376811594202,-0.0012729844413013058,0.04514505624629894,0.39233400619713527,0.002854556357755246,0.34221331496582047
74,2023-04-20,10586245,140.7995,139.91,140.81,141.43,139.84,136.0,136.28579710144928,-0.0029032714912902158,0.042110716400236115,0.38158543825527663,0.0029349640197862863,0.34221331496582047
75,2023-04-21,11842537,140.2668,139.74,140.54,141.11,138.78,137.5025,136.29898550724639,-0.0019174774518856408,0.04011249259917027,0.35955210725178294,0.003114818434284298,0.34221331496582047
76,2023-04-24,7567666,140.5423,140.455,140.73,141.1,140.04,140.755,136.2185294117647,0.0013519282766472074,0.04151865008880917,0.35582351958928504,0.003147457855080312,0.34221331496582047
77,2023-04-25,10592555,138.423,139.6,137.67,139.96,137.625,140.31428571428572,136.23956521739132,-0.021743764655723696,0.01887211367673114,0.3662763501675839,0.0030576353926241974,0.34221331496582047
78,2023-04-26,14416145,135.5596,137.62,135.23,137.8093,134.0,139.67875,136.22514285714286,-0.017723541802861953,0.0008140911782112958,0.3620588202306065,0.0030932529997205823,0.34221331496582047
79,2023-04-27,9041092,136.9943,136.0,137.05,137.91,135.66,139.33125,136.17157142857144,0.013458552096428544,0.01428359976317295,0.3649623614037025,0.003068643921105057,0.34221331496582047
80,2023-04-28,9887262,137.7801,136.56,138.24,138.32,135.67,138.93625,136.19542857142858,0.008682962422473572,0.02309058614564785,0.3656797465203286,0.0030626239008600922,0.34221331496582047
81,2023-05-01,20415762,141.9261,142.26,141.2,143.37,140.83,138.35333333333332,136.3050724637681,0.02141203703703698,0.04499703966844226,0.38026099129701096,0.002945186483456216,0.34221331496582047
82,2023-05-02,14113447,139.4183,141.4,138.92,142.41,138.43,138.43428571428572,136.34242857142857,-0.01614730878186965,0.028123149792776303,0.38047385390397426,0.0029435387484898607,0.34221331496582047
83,2023-05-03,12930906,137.0153,138.44,135.98,138.6687,135.76,138.1275,136.32399999999998,-0.021163259429887726,0.00636471284783835,0.39395344466975596,0.002842822031147471,0.34221331496582047
84,2023-05-04,17089164,133.6166,134.96,134.12,135.72,131.81,137.30124999999998,136.26214285714286,-0.01367848212972489,-0.007400828892836553,0.3941866221102748,0.0028411403861400256,0.34221331496582047
85,2023-05-05,11261394,136.7084,136.44,136.74,137.88,135.912,137.185,136.22814285714284,0.019534745004473608,0.011989342806393744,0.39875331482095194,0.0028086024369640495,0.34221331496582047
86,2023-05-08,7484872,137.1347,137.49,137.07,137.97,136.475,137.33833333333334,136.12666666666667,0.0024133391838525586,0.01443161634102963,0.39827140042532816,0.002812000888232485,0.34221331496582047
87,2023-05-09,7343573,136.2249,135.93,136.41,136.95,135.21,137.20571428571427,136.13071428571428,-0.004815057999562278,0.009547069271757858,0.3902447092423444,0.002869839116917096,0.34221331496582047
88,2023-05-10,8133016,136.2091,137.95,136.48,138.06,134.87,137.115,136.09285714285716,0.0005131588593210168,0.010065127294256238,0.39041104220239464,0.0028686164341966175,0.34221331496582047
89,2023-05-11,7005977,135.9552,135.0,136.05,136.81,134.9,136.47125,136.037,-0.003150644783118217,0.006882770870336952,0.39117741079927676,0.0028629964329108166,0.34221331496582047
90,2023-05-12,9988598,134.1583,136.82,134.1,136.99,133.13,135.86875,135.95857142857145,-0.01433296582138932,-0.007548845470693344,0.3974073593147261,0.0028181147266240843,0.34221331496582047
91,2023-05-15,7639451,134.8897,134.27,135.23,135.67,133.96,135.89000000000001,135.83043478260868,0.008426547352721858,0.0008140911782112958,0.24769598214063138,0.0045214279298150415,0.34221331496582047
92,2023-05-16,6483267,134.5665,135.46,134.32,135.9382,133.96,135.6657142857143,135.80885714285714,-0.006729276048214161,-0.00592066311426942,0.24282625604336866,0.004612102290757214,0.34221331496582047
93,2023-05-17,12711522,137.6454,135.9,138.45,138.5899,135.46,136.01375000000002,135.7592857142857,0.030747468731387784,0.024644760213143213,0.27465630315593803,0.004077603604523014,0.34221331496582047
94,2023-05-18,10999607,138.7387,138.27,139.5,139.73,137.76,136.3175,135.7,0.007583965330444364,0.03241563055062113,0.272314174480147,0.004112674391230661,0.34221331496582047
95,2023-05-19,13492239,139.3604,139.79,139.18,140.49,138.125,136.66375,135.65057142857145,-0.0022939068100358284,0.030047365304913587,0.2723971524453828,0.004111421583153931,0.34221331496582047
96,2023-05-22,11402476,138.833,141.0,138.03,141.64,137.66,137.45166666666668,135.5378260869565,-0.008262681419744289,0.021536412078152045,0.280837625540533,0.003987854296937782,0.34221331496582047
97,2023-05-23,9514897,137.3837,137.54,136.59,139.03,136.455,137.32857142857142,135.55285714285714,-0.010432514670723703,0.0108792184724682,0.27696477636704225,0.0040436171936515134,0.34221331496582047
98,2023-05-24,8577997,135.4714,135.4,135.34,136.35,135.08,137.08,135.44957142857143,-0.009151475217805127,0.0016281823564232578,0.2786279932463314,0.004019479588913718,0.34221331496582047
99,2023-05-25,8472505,135.4731,134.82,135.67,136.27,134.58,137.135,135.342,0.002438303531845598,0.004070455891058922,0.26508311680499624,0.00422486179147155,0.34221331496582047
100,2023-05-26,8579941,136.8728,136.11,136.94,137.6,135.63,137.4625,135.244,0.009360949362423598,0.013469508584960765,0.25726664715975084,0.00435322473440635,0.34221331496582047
101,2023-05-30,7399867,137.0793,136.8,137.46,137.72,136.02,136.67166666666665,135.07942028985508,0.00379728348181696,0.017317939609235555,0.255184677797047,0.0043887412889434,0.34221331496582047
102,2023-05-31,14219906,135.4135,136.73,135.71,136.84,134.4044,136.53428571428572,135.08842857142858,-0.012730976284009876,0.004366489046772504,0.24141525248734766,0.004639058718182329,0.34221331496582047
103,2023-06-01,12248094,137.3011,136.52,137.58,138.23,135.445,136.47,135.05914285714286,0.013779382506815985,0.018206039076375857,0.24122106263575294,0.00464279329307467,0.34221331496582047
104,2023-06-02,12922471,140.6835,139.56,140.47,141.48,139.34,137.02428571428572,135.08642857142857,0.02100596016862899,0.03959443457667167,0.23893289984732838,0.00468725542806884,0.34221331496582047
105,2023-06-05,9542980,138.891,140.11,139.09,140.34,138.13,138.062,134.9933333333333,-0.009824161742720827,0.029381290704558083,0.22700204789530604,0.004933609816023059,0.34221331496582047
106,2023-06-06,9329541,139.2858,138.68,139.34,140.1,138.2066,138.275,135.05542857142856,0.0017973973686102873,0.031231497927767027,0.22128549451637064,0.005061061657933325,0.34221331496582047
107,2023-06-07,9281389,140.372,139.55,140.69,141.27,138.83,138.62,135.03442857142858,0.009688531649203247,0.04122261693309537,0.2242970769217406,0.0049931080115875786,0.34221331496582047
108,2023-06-08,7370043,140.3491,140.67,140.73,140.89,139.4807,138.88375,134.997,0.0002843130286445117,0.04151865008880873,0.22271757457614152,0.0050285188938726496,0.34221331496582047
109,2023-06-09,7253946,141.0738,140.35,141.01,141.8,140.21,139.3275,134.975,0.00198962552405324,0.043590882178802914,0.22267629341556328,0.005029451112982033,0.34221331496582047
110,2023-06-12,7600196,140.7479,141.07,141.0,141.32,139.76,140.31,134.84811594202898,-7.091695624417138e-05,0.043516873889874574,0.21545842350143218,0.005197938022349699,0.34221331496582047
111,2023-06-13,7701567,142.0639,140.48,142.02,142.87,140.14,140.55428571428573,134.95057142857144,0.0072340425531916,0.051065719360567474,0.21092566344314317,0.005309640910791814,0.34221331496582047
112,2023-06-14,9068729,141.7352,143.0,141.49,143.61,140.7,140.67125,134.93157142857143,-0.003731868750880163,0.047143280047364344,0.21109361231642962,0.005305416490172273,0.34221331496582047
113,2023-06-15,9343096,142.4466,140.59,143.09,143.4,140.03,141.17125,134.99542857142856,0.011308219662166996,0.058984606275902074,0.2105268138854287,0.005319700189654242,0.34221331496582047
114,2023-06-16,13764512,143.2562,143.05,143.26,143.965,142.5,141.66125,135.0734285714286,0.0011880634565657466,0.060242747187684076,0.17101751255483233,0.006548683319169076,0.34221331496582047
115,2023-06-20,8133708,142.3243,142.61,142.53,143.0,141.04,142.23166666666665,135.27072463768116,-0.005095630322490496,0.054840142095913924,0.17496406269269332,0.006400968944809421,0.34221331496582047
116,2023-06-21,9926459,142.7701,142.9,142.32,144.02,141.691,142.24428571428572,135.43115942028984,-0.0014733740265208128,0.05328596802841834,0.1700971696183917,0.006584116209964998,0.34221331496582047
117,2023-06-22,10076325,140.0866,142.31,139.58,142.6,138.95,142.04142857142855,135.50304347826085,-0.01925238898257431,0.03300769686204785,0.1859291465038245,0.006023474817223354,0.34221331496582047
118,2023-06-23,9919539,138.78,138.54,138.85,139.18,137.62,141.58857142857144,135.65652173913043,-0.005229975641209417,0.02760509177027748,0.18239218972734111,0.006140282286362267,0.34221331496582047
119,2023-06-26,8429727,138.9776,138.87,139.19,140.01,137.69,140.494,135.9254411764706,0.0024486856319769768,0.030121373593841705,0.18357269187140363,0.006100795931772677,0.34221331496582047
120,2023-06-27,8154026,139.1811,139.0,139.2,139.84,138.54,140.27833333333334,135.97289855072466,7.184424168404924e-05,0.030195381882770045,0.17871257550454742,0.0062667080287538085,0.34221331496582047
121,2023-06-28,7558644,138.5679,139.16,138.59,139.21,137.96,140.03714285714287,136.13884057971015,-0.0043821839080459,0.025680876258140195,0.17559000327227595,0.0063781508678315895,0.34221331496582047
122,2023-06-29,15423230,142.7042,140.07,143.43,143.56,139.85,140.46125,136.3255072463768,0.034923154628761166,0.06150088809946652,0.22771235603477902,0.004918220298869367,0.34221331496582047
123,2023-06-30,14212816,145.1738,144.6,145.44,146.0,143.66,140.825,136.59014492753622,0.014013804643379979,0.07637655417406686,0.22306868796754398,0.005020603931272359,0.34221331496582047
124,2023-07-03,8021622,146.7011,146.19,146.61,147.48,146.0,142.07666666666668,137.05264705882354,0.008044554455445718,0.08503552397868508,0.2097356912702255,0.0053397660883129205,0.34221331496582047
125,2023-07-05,8935519,144.836,144.94,144.64,145.43,144.36,142.44285714285715,137.29014705882352,-0.013437009753768714,0.07045589105979788,0.21435509284974286,0.005224692900292627,0.34221331496582047
126,2023-07-06,9714100,142.653,143.02,143.21,143.39,141.4401,143.0171428571429,137.50088235294118,-0.009886615044247593,0.0598727057430426,0.22047353555324872,0.0050797005134574575,0.34221331496582047
127,2023-07-07,8981456,144.7871,143.91,144.34,145.8436,143.0,143.75142857142856,137.72441176470585,0.00789051043921507,0.06823564239194724,0.21927876052748904,0.005107378065525053,0.34221331496582047
128,2023-07-10,9100060,145.1726,144.5,145.15,145.99,144.5,144.79000000000002,138.07985074626868,0.005611750034640428,0.07423031379514433,0.22600496491056704,0.0049553757909557095,0.34221331496582047
129,2023-07-11,11246642,147.0424,146.335,147.42,147.82,145.705,145.22833333333332,138.21720588235294,0.01563899414398895,0.09103019538188195,0.22823597933584758,0.004906936824827411,0.34221331496582047
130,2023-07-12,11323228,148.5428,147.45,148.15,149.87,147.0,145.6457142857143,138.48176470588237,0.00495183828517165,0.09643280047365232,0.22824649406481815,0.004906710774867694,0.34221331496582047
131,2023-07-13,11234925,148.7957,148.7,148.87,149.37,147.75,145.96857142857144,138.7825,0.0048599392507593375,0.10176139727649414,0.22751354733225898,0.004922517998974662,0.34221331496582047
132,2023-07-14,27028429,150.1386,151.55,149.77,152.89,148.41,146.44375,139.10838235294116,0.006045543091287797,0.10842214328004673,0.22622854272274853,0.0049504784775374075,0.34221331496582047
133,2023-07-17,17262394,152.6753,150.35,153.38,153.75,150.35,148.79,139.4894117647059,0.024103625559190656,0.13513913558318458,0.24822741873303403,0.004511747886151536,0.34221331496582047
134,2023-07-18,13491725,153.7237,153.38,153.66,154.4,152.82,149.4857142857143,139.69478260869565,0.0018255313600208378,0.13721136767317854,0.2417396840059049,0.004632832777783652,0.34221331496582047
135,2023-07-19,12405100,154.1782,152.75,154.25,155.205,152.22,150.08125,140.07681159420292,0.0038396459716256715,0.1415778567199517,0.23562118222844666,0.004753136034551343,0.34221331496582047
136,2023-07-20,9935907,156.0587,154.53,156.15,156.59,154.41,151.45624999999998,140.4772463768116,0.012317666126418159,0.15563943161634008,0.2350670760644889,0.0047643402491907095,0.34221331496582047
137,2023-07-21,10636378,155.3254,155.8,154.95,156.14,154.69,152.3975,140.86057971014492,-0.007684918347742653,0.14675843694493684,0.2394148050497314,0.0046778207033645386,0.34221331496582047
138,2023-07-24,14381427,157.6303,154.97,158.0,158.785,154.73,155.065,141.3185294117647,0.019683768957728276,0.16933096506808654,0.2242559279876571,0.0049940242017382005,0.34221331496582047
139,2023-07-25,9944679,156.9654,157.3,156.82,157.7198,155.96,155.31571428571428,141.5431884057971,-0.007468354430379742,0.16059798697453997,0.22645610692479956,0.004945503775376314,0.34221331496582047
140,2023-07-26,8728593,157.3907,156.71,157.76,158.25,156.275,155.62125,141.80304347826086,0.005994133401351798,0.1675547661338057,0.2259448166908478,0.004956694949484023,0.34221331496582047
141,2023-07-27,10778406,156.8925,157.77,156.02,158.78,155.5538,155.95125,142.01492753623188,-0.011029411764705732,0.15467732386027122,0.23609020825564156,0.004743693268892089,0.34221331496582047
142,2023-07-28,9105974,156.9395,157.28,156.91,157.6,156.4401,156.35750000000002,142.2423188405797,0.005704396872195705,0.16126406157489503,0.23197206828029396,0.00482790682540445,0.34221331496582047
143,2023-07-31,8894353,157.9276,157.18,157.96,159.38,157.151,157.245,142.51955882352942,0.006691734115097825,0.16903493191237273,0.19383949480630625,0.005777664313831998,0.34221331496582047
144,2023-08-01,6855682,156.9426,157.43,157.18,158.0,156.15,157.2357142857143,142.73202898550724,-0.004937958976956147,0.16326228537596066,0.1928243753380463,0.00580808069410425,0.34221331496582047
145,2023-08-02,8303708,155.0563,155.56,155.4,155.69,153.94,157.00625,142.94463768115943,-0.01132459600458069,0.1500888099467126,0.20189502315310082,0.005547137885139185,0.34221331496582047
146,2023-08-03,6087542,156.148,155.0,156.35,156.92,154.35,156.8,143.2153623188406,0.0061132561132559715,0.15711959739490666,0.19749564551945503,0.00567070493533132,0.34221331496582047
147,2023-08-04,6209397,156.7255,156.4,156.02,157.8,155.695,156.70000000000002,143.51666666666665,-0.002110649184521751,0.154677323860271,0.18588001053114186,0.006025067077161514,0.34221331496582047
148,2023-08-07,7251832,156.9842,156.6,156.76,157.7,156.6,156.61166666666668,143.88411764705882,0.004742981669016766,0.1601539372409695,0.1802663495862768,0.006212693241550372,0.34221331496582047
149,2023-08-08,8623379,154.6064,154.32,155.88,155.98,152.59,156.50714285714284,144.05797101449275,-0.005613676958407754,0.1536412078152738,0.1803252563485719,0.006210663744122207,0.34221331496582047
150,2023-08-09,6277813,154.3222,155.32,153.79,155.52,153.47,156.16750000000002,144.2404347826087,-0.013407749550936598,0.13817347542924652,0.19307587617503258,0.005800515082155263,0.34221331496582047
151,2023-08-10,5995076,153.983,154.38,153.56,155.44,153.09,155.6175,144.45260869565217,-0.001495545874244053,0.13647128478389425,0.18534240581939324,0.006042543403936079,0.34221331496582047
152,2023-08-11,5180690,154.0587,153.03,154.45,154.52,152.63,155.27625,144.72028985507248,0.005795780151080843,0.14305802249851807,0.1856230884313124,0.006033406410905822,0.34221331496582047
153,2023-08-14,5044282,154.3355,153.61,154.77,154.9178,152.92,154.8683333333333,145.14132352941178,0.0020718679184204003,0.14542628774422584,0.18883932438845713,0.0059306478424473496,0.34221331496582047
154,2023-08-15,10300303,151.0194,152.85,150.83,153.2664,150.2301,154.29142857142855,145.22376811594205,-0.025457129934741807,0.1162670219064521,0.21552320455242957,0.005196375648178406,0.34221331496582047
155,2023-08-16,6978235,150.4072,150.6,150.19,150.96,149.68,153.77875,145.4139130434783,-0.0042431876947557345,0.11153049141503701,0.1900769808060406,0.005892031360159458,0.34221331496582047
156,2023-08-17,9953912,149.4739,150.88,148.63,151.2622,148.4,152.7625,145.59101449275363,-0.01038684333177975,0.09998519834221287,0.1935946312107055,0.005784972056041642,0.34221331496582047
157,2023-08-18,8517460,148.7866,147.65,148.97,149.5,147.4437,151.89875,145.77202898550723,0.0022875597120366464,0.10250148016577709,0.19294030548270832,0.005804590849753732,0.34221331496582047
158,2023-08-21,8327018,149.2954,149.65,149.48,150.105,148.02,150.47833333333332,146.14117647058825,0.0034235080888769254,0.10627590290112332,0.1877082647486923,0.005966383703205699,0.34221331496582047
159,2023-08-22,9681972,146.9339,149.26,146.38,149.6394,145.85,149.89285714285714,146.14463768115942,-0.02073856034252075,0.0833333333333317,0.19939327526807754,0.005616736724184391,0.34221331496582047
160,2023-08-23,7858021,146.89,146.35,147.37,147.585,145.46,149.5775,146.32057971014493,0.006763219018991684,0.09066015393723936,0.17986610505306824,0.006226517950245201,0.34221331496582047
161,2023-08-24,6534026,147.6591,147.5,147.23,149.41,146.9875,148.635,146.5076811594203,-0.0009499898215377112,0.08962403789224216,0.1790631554533946,0.006254438714194943,0.34221331496582047
162,2023-08-25,6695537,146.9658,147.28,147.05,148.6199,145.85,148.16250000000002,146.6323188405797,-0.0012225769204644577,0.08829188869153182,0.17515370784060982,0.006394038388115457,0.34221331496582047
163,2023-08-28,5094201,147.7754,147.57,147.56,148.61,147.13,147.51166666666668,146.8604411764706,0.003468208092485492,0.09206631142687804,0.17427485805926043,0.00642628285126931,0.34221331496582047
164,2023-08-29,6336962,148.3758,147.71,148.76,148.85,147.18,147.69,146.88797101449273,0.008132285172133269,0.10094730609828106,0.1760496043563919,0.0063614998502719245,0.34221331496582047
165,2023-08-30,6277318,148.0695,148.62,148.16,149.15,147.19,147.74875,147.03478260869568,-0.004033342296316134,0.09650680876257955,0.17169353379141325,0.006522898719728191,0.34221331496582047
166,2023-08-31,10933938,146.7023,148.26,146.33,148.35,145.96,147.355,147.17594202898553,-0.012351511879049593,0.08296329188868978,0.17596373679741323,0.006364604162975938,0.34221331496582047
167,2023-09-01,7903496,147.1291,146.09,146.82,148.08,145.7,147.41000000000003,147.3423188405797,0.0033485956399916805,0.08658969804617933,0.174295119075962,0.006425535825048101,0.34221331496582047
168,2023-09-05,7854739,145.6657,147.16,145.2,148.2099,145.01,147.13833333333335,147.63544117647058,-0.011033919084593391,0.07460035523978492,0.17767308970180667,0.00630337173532155,0.34221331496582047
169,2023-09-06,8629164,144.8844,144.7,144.96,145.54,144.11,146.82714285714286,147.59666666666666,-0.0016528925619833101,0.07282415630550454,0.17421500273516594,0.006428490739434777,0.34221331496582047
170,2023-09-07,8373738,144.051,144.13,143.72,145.2683,143.39,146.2785714285714,147.68739130434784,-0.008554083885209729,0.06364712847838794,0.1752666363028907,0.006389918557107307,0.34221331496582047
171,2023-09-08,7110254,143.6746,143.37,143.83,144.12,142.65,145.5742857142857,147.8050724637681,0.0007653771221820538,0.0644612196565999,0.1709095976240259,0.006552818257856463,0.34221331496582047
172,2023-09-11,6854220,144.3658,144.75,144.46,145.05,143.69,144.43400000000003,148.01411764705884,0.004380171035250013,0.06912374185908665,0.1738514646459625,0.00644193325626738,0.34221331496582047
173,2023-09-12,8363165,145.9841,144.5,146.34,147.32,144.05,144.75166666666667,147.9898550724638,0.013013983109511296,0.08303730017761835,0.18293505691337447,0.006122060750137931,0.34221331496582047
174,2023-09-13,8325914,146.6009,147.34,146.41,147.7,145.82,144.98857142857145,148.09594202898552,0.000478338116714383,0.08355535820011672,0.18230754848538683,0.006143133079557532,0.34221331496582047
175,2023-09-14,10034931,149.2306,147.84,149.25,149.895,147.52,145.52125,148.23956521739132,0.019397582132367974,0.10457371225577083,0.1752534748612013,0.0063903984365536685,0.34221331496582047
176,2023-09-15,19863383,148.8928,148.92,148.81,149.7256,148.31,145.9725,148.3572463768116,-0.0029480737018425796,0.10131734754292299,0.17481449187611567,0.00640644559689752,0.34221331496582047
177,2023-09-18,6512360,148.7779,148.16,149.12,149.14,147.75,147.39833333333334,148.58867647058824,0.0020831933337812636,0.10361160449970197,0.17345026725142476,0.006456833705134686,0.34221331496582047
178,2023-09-19,7945606,148.6482,149.5,148.93,149.72,147.21,147.61714285714285,148.5936231884058,-0.0012741416309012266,0.10220544701006329,0.1691564402011756,0.006620732444012706,0.34221331496582047
179,2023-09-20,7334257,149.0472,149.65,148.3,150.25,148.135,147.70250000000001,148.69942028985508,-0.004230175250117485,0.09754292480757654,0.1693639013507333,0.006612622423206653,0.34221331496582047
180,2023-09-21,8053410,147.5148,147.58,147.14,148.855,146.63,148.0375,148.7736231884058,-0.0078219824679705,0.08895796329188665,0.14759172904399215,0.007588091412763395,0.34221331496582047
181,2023-09-22,7071975,146.1523,147.29,145.73,147.51,145.19,147.96125,148.8350724637681,-0.009582710343890133,0.07852279455298805,0.15025634925234502,0.007453525507083621,0.34221331496582047
182,2023-09-25,7044672,145.4336,145.35,146.45,146.52,143.7,147.61166666666668,148.9664705882353,0.004940643656076382,0.08385139135583008,0.15586256075742932,0.007185430075774215,0.34221331496582047
183,2023-09-26,7468405,144.9817,144.6,144.93,145.84,144.23,147.22857142857143,148.90797101449274,-0.010378968931375798,0.07260213143871952,0.15791849063434393,0.007091883459973087,0.34221331496582047
184,2023-09-27,6717822,145.4721,145.19,145.78,146.09,144.5115,147.0475,148.8632857142857,0.005864900296694842,0.07889283599762997,0.1594108591391795,0.007025490846742218,0.34221331496582047
185,2023-09-28,8868063,147.7086,146.28,147.59,148.87,146.01,146.85625,148.93557142857142,0.012415969268761096,0.09228833629366306,0.16472247112934332,0.006798948097823399,0.34221331496582047
186,2023-09-29,11917826,145.8814,148.6,145.02,148.76,144.86,146.3675,148.97414285714285,-0.017413103868825774,0.07326820603907458,0.179394968484439,0.006242870361499374,0.34221331496582047
187,2023-10-02,9170644,143.7039,144.83,143.77,145.6223,142.63,145.59,149.18159420289857,-0.00861950075851603,0.06401716992302964,0.1791812900783281,0.006250315148774982,0.34221331496582047
188,2023-10-03,9427118,142.8411,143.2,142.71,143.59,142.355,145.17857142857142,149.08914285714286,-0.007372887250469473,0.0561722912966236,0.17670301645119313,0.006337976307625485,0.34221331496582047
189,2023-10-04,8128748,142.8084,143.19,143.35,143.47,141.93,144.95,149.14857142857142,0.00448461915773235,0.06090882178803847,0.17409695668918695,0.00643284956297675,0.34221331496582047
190,2023-10-05,8576237,142.227,142.04,142.9,143.1,140.83,144.50625,149.20142857142858,-0.0031391698639692267,0.05757844878626228,0.168986927569015,0.0066273737730170295,0.34221331496582047
191,2023-10-06,10255121,144.6656,142.91,145.1,145.88,142.14,144.5275,149.29442857142857,0.015395381385584272,0.0738602723505013,0.18144968558559038,0.006172176755992997,0.34221331496582047
192,2023-10-09,6964907,144.5491,143.66,144.77,145.395,143.5005,143.76666666666668,149.36971014492755,-0.00227429359062703,0.07141799881586564,0.18231386333803334,0.006142920298261173,0.34221331496582047
193,2023-10-10,11228769,145.9523,145.42,145.65,146.77,145.28,144.03571428571428,149.31657142857142,0.006078607446294182,0.07793072824156133,0.17948393625235162,0.006239775854809652,0.34221331496582047
194,2023-10-11,8698175,146.0618,146.51,146.15,147.23,145.02,144.3,149.30999999999997,0.00343288705801581,0.08163114268797944,0.1791711975459458,0.00625066722270708,0.34221331496582047
195,2023-10-12,10467436,146.0076,146.3,145.81,146.96,145.13,144.555,149.26070422535213,-0.002326377009921332,0.07911486086441522,0.17115975267924183,0.00654324111961307,0.34221331496582047
196,2023-10-13,29487199,149.9691,148.5,148.0,153.11,147.84,145.21625,149.3080281690141,0.015019545984500393,0.09532267613972611,0.1822487210921108,0.006145115998852946,0.34221331496582047
197,2023-10-16,12663461,147.801,149.45,147.85,149.52,146.72,146.37166666666667,149.44528571428572,-0.001013513513513531,0.09421255180580079,0.1666271761713206,0.006721229738672,0.34221331496582047
198,2023-10-17,11482739,147.8939,147.57,147.53,149.31,146.79,146.53714285714287,149.41830985915493,-0.0021643557659789536,0.09184428656009347,0.16279887172174523,0.006879283129601855,0.34221331496582047
199,2023-10-18,9620257,146.2996,146.59,145.91,147.48,145.37,146.45875,149.42901408450703,-0.010980817460855441,0.07985494375369906,0.16814633087795086,0.006660505322394025,0.34221331496582047
200,2023-10-19,11143631,145.7637,145.48,145.29,147.02,144.88,146.52375,149.39901408450703,-0.004249194709067261,0.07526642984014065,0.16869561485075374,0.006638818280750435,0.34221331496582047
201,2023-10-20,13332867,143.3005,144.57,142.95,145.14,142.12,146.18625,149.3257746478873,-0.016105719595292167,0.057948490230904426,0.17942913728560522,0.00624168152784997,0.34221331496582047
202,2023-10-23,10133410,142.1008,142.94,141.0,143.68,140.73,145.08833333333334,149.207,-0.01364113326337868,0.04351687388987435,0.1860122883200963,0.006020782507800712,0.34221331496582047
203,2023-10-24,8881354,141.1721,141.19,141.17,141.73,140.36,144.52857142857144,149.09380281690142,0.0012056737588652666,0.044775014801656576,0.1818794138234187,0.006157593694693421,0.34221331496582047
204,2023-10-25,8242565,140.3643,140.57,140.4,141.18,139.51,144.0125,148.91098591549294,-0.005454416660763517,0.039076376554173065,0.18046423568730904,0.00620588078013497,0.34221331496582047
205,2023-10-26,9059431,140.8031,139.76,140.76,141.665,139.43,143.12625,148.72929577464788,0.002564102564102555,0.04174067495559397,0.17745864153321733,0.00631098898355978,0.34221331496582047
206,2023-10-27,17434717,136.4977,138.95,135.69,139.1,135.19,141.64625,148.46788732394364,-0.03601875532821819,0.004218472468915602,0.22515929144273517,0.004973987635941967,0.34221331496582047
207,2023-10-30,9855360,137.2317,136.44,137.42,138.04,136.04,139.40666666666667,148.1077142857143,0.012749649937357166,0.01702190645352175,0.2223658156226826,0.005036473473305662,0.34221331496582047
208,2023-10-31,9672460,138.7471,137.71,139.06,139.24,137.4728,139.35714285714286,147.98028169014086,0.011934216271285214,0.02915926583777284,0.22503704737584337,0.004976689593172464,0.34221331496582047
209,2023-11-01,9432048,139.2953,139.25,138.94,140.53,138.47,139.305,147.7118309859155,-0.0008629368617862898,0.02827116637063254,0.22313524277058921,0.005019106430018568,0.34221331496582047
210,2023-11-02,10186175,140.9369,140.09,141.42,141.48,139.23,139.3575,147.49492957746477,0.017849431409241223,0.04662522202486552,0.23522774740982444,0.004761085986180062,0.34221331496582047
211,2023-11-03,9538719,143.0045,142.19,143.0,143.77,141.85,139.58624999999998,147.28704225352115,0.011172394286522502,0.05831853167554657,0.239263927284826,0.004680770496675888,0.34221331496582047
212,2023-11-06,7625063,143.726,143.17,144.08,144.19,142.79,140.65333333333334,146.979,0.00755244755244755,0.06631142687980951,0.23774667415082318,0.00471064226557022,0.34221331496582047
213,2023-11-07,6297915,143.8009,143.51,144.01,144.2612,142.82,141.13285714285715,146.93718309859156,-0.0004858411993338141,0.06579336885731091,0.23201881330136429,0.004826934143047068,0.34221331496582047
214,2023-11-08,7617869,144.4364,144.11,144.72,144.84,143.62,141.58125,146.7507042253521,0.004930213179640264,0.07104795737122438,0.2328146842041623,0.004810433395049555,0.34221331496582047
215,2023-11-09,7992477,144.6159,145.44,144.29,145.6499,143.7,142.44,146.56915492957745,-0.002971254836926507,0.06786560094730487,0.23162785384758477,0.0048350814168081815,0.34221331496582047
216,2023-11-10,7983935,145.7171,144.94,146.43,146.48,144.0765,143.36124999999998,146.44281690140843,0.014831242636357489,0.08370337477797407,0.23960182443446945,0.004674169465933759,0.34221331496582047
217,2023-11-13,6676364,145.6779,145.7,145.78,146.25,145.16,144.885,146.155,-0.004438981083111471,0.07889283599763064,0.23698793951001734,0.004725723739651651,0.34221331496582047
218,2023-11-14,9927723,148.3564,146.68,148.44,149.25,146.52,145.39285714285714,146.18718309859156,0.018246673069008068,0.0985790408525744,0.2440776431703678,0.004588456022462874,0.34221331496582047
219,2023-11-15,8365296,149.6165,148.46,149.74,150.16,148.46,145.93625,146.08830985915495,0.008757747237941427,0.10820011841326149,0.24652366622701094,0.004542929078145073,0.34221331496582047
220,2023-11-16,8126188,150.8621,150.09,151.45,151.525,150.09,146.85750000000002,146.02591549295775,0.01141979431013751,0.12085553582001096,0.2501025120341679,0.004477921963457198,0.34221331496582047
221,2023-11-17,7814064,152.4712,152.2,152.82,152.86,151.54,147.95875,146.01225352112678,0.009045889732585133,0.13099467140319643,0.2462179984841494,0.00454856890498895,0.34221331496582047
222,2023-11-20,6885249,153.0212,152.08,153.29,153.75,151.92,150.25333333333333,145.88785714285714,0.003075513676220387,0.1344730609828293,0.23671969137087207,0.004731078877586882,0.34221331496582047
223,2023-11-21,7083506,153.0736,153.2,152.97,153.63,152.57,150.64142857142858,145.98760563380281,-0.0020875464805271138,0.13210479573712175,0.23212424121365036,0.004824741810239503,0.34221331496582047
224,2023-11-22,5175135,153.3917,153.41,153.33,153.88,152.9,150.9775,145.96732394366197,0.00235340262796635,0.13476909413854288,0.22056459056562475,0.005077603476068395,0.34221331496582047
225,2023-11-24,3496941,153.7519,153.59,153.54,154.438,153.275,152.4485714285714,145.94571428571427,0.0013695949911953775,0.13632326820603824,0.2221504638368269,0.005041355810880647,0.34221331496582047
226,2023-11-27,6259116,153.0768,153.43,153.19,153.53,152.71,153.26399999999998,145.96797101449278,-0.002279536277191574,0.13373297809354567,0.1391721293457235,0.008047153816059882,0.34221331496582047
227,2023-11-28,6582937,153.4894,153.22,153.54,153.87,152.72,153.30999999999997,146.07614285714286,0.0022847444350153623,0.13632326820603824,0.13660700880362764,0.008198258212091664,0.34221331496582047
228,2023-11-29,9126053,154.7389,154.17,154.32,155.625,154.0,153.4542857142857,146.1452857142857,0.005080109417741285,0.1420959147424503,0.13322665681339982,0.008406272127073115,0.34221331496582047
229,2023-11-30,9869790,155.6861,154.91,156.08,156.13,154.381,153.85285714285715,146.28385714285716,0.01140487299118731,0.15512137359384193,0.13276984421725802,0.008435195042640894,0.34221331496582047
230,2023-12-01,8916001,157.0469,155.82,156.84,157.86,155.82,154.40571428571428,146.41914285714287,0.004869297796002092,0.16074600355239732,0.12976580857464895,0.008630467024057136,0.34221331496582047
231,2023-12-04,9607465,157.5082,156.02,157.99,158.05,155.88,155.32666666666668,146.56594202898552,0.007332313185411943,0.16925695677915886,0.1187141474739415,0.009433917991951651,0.34221331496582047
232,2023-12-05,9135597,157.8068,157.26,157.97,158.5,156.97,155.70428571428573,146.72885714285715,-0.0001265902905247529,0.16910894020130218,0.11773012149521732,0.009512769693345769,0.34221331496582047
233,2023-12-06,9366004,157.1302,158.84,156.31,159.22,156.0,155.78,146.85385714285712,-0.010508324365385846,0.1568235642391944,0.13341868755450714,0.008394172902473471,0.34221331496582047
234,2023-12-07,8130874,156.7485,156.69,156.79,157.31,156.15,156.23,146.96857142857144,0.0030708208048109142,0.16037596210775562,0.13206128899848912,0.008480452827977708,0.34221331496582047
235,2023-12-08,7369370,158.1768,157.26,158.52,158.78,156.98,156.8525,147.11657142857143,0.011033866955800775,0.173179396092362,0.13527847337410526,0.008278771217771557,0.34221331496582047
236,2023-12-11,8093908,158.9134,158.52,159.1,159.3,158.15,157.78,147.3059420289855,0.0036588443098661827,0.17747187685020682,0.1266303124644033,0.00884416621864091,0.34221331496582047
237,2023-12-12,10222978,160.2054,159.23,160.52,160.645,158.88,158.17142857142858,147.49471428571428,0.008925204274041532,0.187981053878034,0.1250435149503111,0.008956398356193458,0.34221331496582047
238,2023-12-13,12379098,160.8838,160.52,161.06,162.03,159.77,158.5325,147.6857746478873,0.0033640667829553106,0.19197750148016524,0.1188929099153999,0.00941973354467082,0.34221331496582047
239,2023-12-14,13642990,163.5548,161.83,163.99,164.8399,161.705,159.2825,147.9504225352113,0.018191978144790788,0.21366193013617463,0.11877688235699188,0.009428935240003733,0.34221331496582047
240,2023-12-15,20274148,164.5975,163.08,165.23,165.28,162.39,160.19,148.23591549295776,0.007561436672967714,0.222838957963291,0.11813021805592033,0.009480550786958362,0.34221331496582047
241,2023-12-18,8469608,166.2396,165.92,166.23,167.13,165.63,162.68833333333333,148.62042857142856,0.006052169702838395,0.230239786856127,0.11564902775220885,0.009683951119357577,0.34221331496582047
242,2023-12-19,9994691,167.7227,166.0,168.45,168.47,165.55,163.51142857142855,148.89971830985917,0.013354990073993767,0.2466696269982227,0.11913193583255287,0.009400833822827836,0.34221331496582047
243,2023-12-20,10698709,167.6426,167.99,166.55,169.41,166.45,163.89125,149.21084507042252,-0.011279311368358469,0.23260805210183433,0.13685073925109761,0.008183657157296912,0.34221331496582047
244,2023-12-21,7601678,166.9735,166.84,167.5,168.09,165.675,164.94125000000003,149.5088732394366,0.005703992794956481,0.23963883955002863,0.13430830156732232,0.008338572662183852,0.34221331496582047
245,2023-12-22,6576322,167.6039,167.5,167.4,168.23,167.23,165.80124999999998,149.8045070422535,-0.0005970149253731183,0.238898756660745,0.1357034578285011,0.008252844471870217,0.34221331496582047
246,2023-12-26,4683605,168.3705,167.46,168.39,168.765,167.18,167.42,150.09214285714287,0.005913978494623606,0.24622557726465266,0.13527635108961744,0.008278901099362775,0.34221331496582047
247,2023-12-27,6400443,169.0729,167.84,169.4,169.47,167.58,167.7028571428571,150.38185714285714,0.005997980877724407,0.253700414446417,0.13206360320723562,0.00848030422126373,0.34221331496582047
248,2023-12-28,6320129,170.2257,169.35,170.3,170.66,168.995,168.28428571428572,150.68714285714287,0.005312868949232552,0.2603611604499694,0.13159130488101667,0.00851074113723741,0.34221331496582047
249,2023-12-29,6435102,170.1627,170.0,170.1,170.69,169.63,168.51999999999998,150.9985714285714,-0.0011743981209630938,0.25888099467140213,0.1341208834550645,0.008350224833769753,0.34221331496582047
250,2024-01-02,9977424,171.2847,169.09,172.08,172.17,168.91,170.054,151.43637681159422,0.011640211640211673,0.27353463587921745,0.13783338888949057,0.00812531376306464,0.34221331496582047
251,2024-01-03,9852335,171.3335,171.86,171.33,172.04,170.37,170.26666666666665,151.79695652173913,-0.004358437935843784,0.2679840142095904,0.14259294861618982,0.007854101781485021,0.34221331496582047
252,2024-01-04,11972545,172.0197,170.64,171.41,173.35,170.54,170.43,152.18072463768115,0.0004669351543802325,0.2685760805210171,0.14226959402026856,0.00787195281933584,0.34221331496582047
253,2024-01-05,10066029,172.464,171.47,172.27,173.38,171.47,170.98428571428573,152.56463768115944,0.00501721019777146,0.27494079336885613,0.12568730162037997,0.008910522521489333,0.34221331496582047
254,2024-01-08,11177716,171.0314,172.02,172.02,172.36,169.485,171.822,153.0348529411765,-0.0014512103093979878,0.2730905861456472,0.12858426571664816,0.00870977118010339,0.34221331496582047
255,2024-01-09,9923630,170.7261,171.62,170.66,171.79,170.095,171.62833333333333,153.29028985507247,-0.007906057435182023,0.26302545885139006,0.13591077494242007,0.008240255654697663,0.34221331496582047
256,2024-01-10,9670218,170.2166,170.0,171.02,171.08,168.95,171.54142857142855,153.68521739130432,0.002109457400679693,0.26568975725281097,0.13608995673271965,0.008229406185742106,0.34221331496582047
257,2024-01-11,11818248,169.6497,170.33,170.3,170.36,168.6401,171.38625000000002,154.0850724637681,-0.004210033914162081,0.26036116044996915,0.13789972140960713,0.008121405324866705,0.34221331496582047
258,2024-01-12,19436504,171.5528,173.8,169.05,176.31,168.9,171.00750000000002,154.45753623188406,-0.007339988256018781,0.2511101243339242,0.14493001752638213,0.007727450467945689,0.34221331496582047
259,2024-01-16,17206420,166.874,164.87,167.99,168.09,164.3,170.17333333333335,154.96411764705883,-0.006270334220644824,0.24326524570751795,0.1307299471830476,0.008566816983299804,0.34221331496582047
260,2024-01-17,11107466,167.4618,167.34,167.09,169.07,166.49,169.73285714285717,155.29235294117646,-0.005357461753675796,0.23660449970396558,0.13117690191551568,0.008537627550274927,0.34221331496582047
261,2024-01-18,9322255,166.5874,167.12,167.42,167.53,165.24,169.07571428571427,155.61249999999998,0.0019749835418036987,0.23904677323860124,0.11649028170040937,0.009614016855362131,0.34221331496582047
262,2024-01-19,13115664,169.4246,167.55,170.31,170.57,167.08,169.0257142857143,155.9677941176471,0.017261975869071966,0.2604351687388975,0.1288315625892573,0.008693052457372006,0.34221331496582047
263,2024-01-22,12837505,170.552,170.46,170.11,171.9803,169.71,168.584,156.4494029850746,-0.0011743291644646936,0.25895500296033047,0.13094686233327404,0.008552625941530773,0.34221331496582047
264,2024-01-23,8348929,169.0759,169.67,168.99,169.75,168.44,168.65166666666667,156.63382352941176,-0.006583975074951565,0.25066607460035417,0.1315449935845076,0.00851373740068749,0.34221331496582047
265,2024-01-24,9966060,170.3658,169.36,170.5,171.01,168.8627,168.9157142857143,156.96691176470588,0.008935439966861969,0.2618413262285366,0.1331217056996366,0.008412899503260164,0.34221331496582047
266,2024-01-25,8873481,172.2758,172.31,172.94,172.99,170.905,169.41875,157.34058823529412,0.014310850439882783,0.27989934872705646,0.14384705749144253,0.007785626979684612,0.34221331496582047
267,2024-01-26,7442955,172.4065,172.61,172.28,173.06,171.78,169.95499999999998,157.7283823529412,-0.0038163524921938086,0.2750148016577847,0.14387925352354736,0.007783884780652748,0.34221331496582047
268,2024-01-29,6971192,172.2448,172.24,172.73,172.84,171.3,171.25833333333333,158.35850746268656,0.002612026932899969,0.2783451746595609,0.1463411583164533,0.007652936088778398,0.34221331496582047
269,2024-01-30,10822075,175.5686,172.83,176.27,176.7603,172.83,171.97428571428574,158.62191176470589,0.02049441324610668,0.30454410894020034,0.1659381941821554,0.006749136552156441,0.34221331496582047
270,2024-01-31,11503320,175.8247,176.2,174.36,178.3,174.34,172.2725,159.11249999999998,-0.010835649855335583,0.29040852575488363,0.17034611309472933,0.006574494195419775,0.34221331496582047
271,2024-02-01,9340048,173.2619,173.64,173.73,174.84,171.43,172.725,159.59132352941177,-0.003613214039917545,0.2857460035523969,0.1649528301188924,0.006789453269437112,0.34221331496582047
272,2024-02-02,8607839,174.7837,173.3,174.73,175.8162,173.26,173.4425,160.09617647058826,0.005756058251309426,0.2931468324452329,0.16491732329272857,0.006790915043932187,0.34221331496582047
273,2024-02-05,7820160,174.2824,173.86,174.5,175.09,172.92,174.38666666666666,160.96402985074627,-0.0013163166027584383,0.29144464179988083,0.16843588094146186,0.00664905556638993,0.34221331496582047
274,2024-02-06,6737414,174.7172,174.61,175.1,175.87,173.76,174.48857142857145,161.1719117647059,0.0034383954154726393,0.29588513913558234,0.16458457181684724,0.006804644684435598,0.34221331496582047
275,2024-02-07,7225478,175.1375,175.69,175.43,175.87,173.96,174.60625,161.7308823529412,0.001884637350085816,0.29832741267021845,0.16432856486517164,0.006815245618876468,0.34221331496582047
276,2024-02-08,6043485,174.4885,175.0,174.8,175.3058,173.57,174.865,162.2564705882353,-0.003591175967622373,0.2936648904677319,0.16093553606158495,0.0069589324965808235,0.34221331496582047
277,2024-02-09,6296729,174.6923,175.0,175.01,175.1,173.6731,174.7075,162.78691176470588,0.0012013729977116139,0.2952190645352275,0.16088238491060117,0.006961231538032859,0.34221331496582047
278,2024-02-12,8539316,175.7536,174.78,175.79,176.808,173.7,175.10500000000002,163.595223880597,0.004456888177818419,0.3009917110716396,0.15872694932940012,0.007055761712079842,0.34221331496582047
279,2024-02-13,8397631,174.1701,175.32,174.26,176.2299,172.615,174.98428571428573,163.7520588235294,-0.008703566755788206,0.28966844286560045,0.16117050679761177,0.006948787057919792,0.34221331496582047
280,2024-02-14,7056664,175.3862,175.07,176.03,176.1,174.42,175.115,164.22191176470588,0.010157236313554474,0.3027679100059202,0.16131530273813,0.00694254985574223,0.34221331496582047
281,2024-02-15,8723390,179.3023,176.15,179.87,180.21,176.15,175.78625,164.74926470588233,0.02181446344373117,0.3311870929544103,0.17691412552375596,0.006330413291974436,0.34221331496582047
282,2024-02-16,8010147,178.9673,179.61,179.03,179.98,178.16,176.27749999999997,165.25382352941176,-0.004670039472952747,0.32497039668442795,0.17634565545012945,0.006350820091909423,0.34221331496582047
283,2024-02-20,9665709,179.7376,179.19,179.73,180.46,178.405,177.45166666666668,166.0637313432836,0.003909959224710935,0.3301509769094131,0.16966520061769436,0.006600879424161776,0.34221331496582047
284,2024-02-21,7027857,180.2036,179.95,180.9,180.99,178.52,177.94428571428574,166.58791044776117,0.006509764646970506,0.3388099467140313,0.16956459938514995,0.006604795669700972,0.34221331496582047
285,2024-02-22,9296459,182.7883,181.82,183.07,183.42,181.24,178.98428571428573,167.104776119403,0.01199557766721937,0.3548697454114853,0.1681085556002179,0.00666200198886348,0.34221331496582047
286,2024-02-23,7105833,184.196,183.81,183.99,185.2,183.19,180.37428571428572,167.61597014925374,0.005025400120172607,0.36167850799289436,0.1666985228717864,0.006718353063122237,0.34221331496582047
287,2024-02-26,7145391,183.3274,183.75,183.36,184.46,182.48,182.20999999999998,168.32363636363635,-0.0034240991358225337,0.35701598579040783,0.16370296131889167,0.00684129060788331,0.34221331496582047
288,2024-02-27,5662565,182.9531,183.31,183.45,183.54,182.24,182.41666666666666,168.5494029850746,0.0004908376963348449,0.35768206039076267,0.15995462618634212,0.0070016076337106005,0.34221331496582047
289,2024-02-28,6131608,184.4134,183.43,184.38,185.2,182.96,182.69714285714286,169.0134328358209,0.005069501226492301,0.3645648312611003,0.16017168604705306,0.0069921192652277996,0.34221331496582047
290,2024-02-29,9643012,185.571,185.66,186.06,186.43,183.85,183.1175,169.50731343283582,0.009111617312072884,0.37699822380106474,0.14339844343571667,0.007809983880722319,0.34221331496582047
291,2024-03-01,6311996,185.4901,185.7,185.29,186.44,185.1,183.8125,169.98432835820893,-0.004138449962377777,0.371299585553581,0.13412287495481942,0.008350100846935177,0.34221331496582047
292,2024-03-04,7063605,186.6475,184.71,186.68,187.59,184.27,184.87,170.4789552238806,0.007501754007231964,0.38158673771462315,0.1352054458386676,0.008283242770339103,0.34221331496582047
293,2024-03-05,6617832,188.316,186.36,188.55,189.3,186.36,185.3957142857143,170.74470588235295,0.01001714163274059,0.3954262877442265,0.13477218956378692,0.00830987116391366,0.34221331496582047
294,2024-03-06,7572891,189.4046,189.25,189.53,190.07,187.63,185.9125,171.27911764705883,0.005197560328825235,0.4026791000592058,0.1330678429692103,0.008416304846940023,0.34221331496582047
295,2024-03-07,7618277,188.1675,189.91,187.87,190.5,186.63,186.47625,171.78397058823532,-0.008758507887933309,0.39039372409709805,0.1435416198936938,0.007802193765007251,0.34221331496582047
296,2024-03-08,6172199,188.7037,188.44,188.22,190.455,187.92,187.0725,172.2825,0.0018629903656783853,0.3929840142095906,0.14354588777834262,0.007801961791360968,0.34221331496582047
297,2024-03-11,5762569,187.5541,187.28,188.29,188.44,186.22,188.18999999999997,172.99373134328357,0.0003719052172987958,0.393502072232089,0.14414495102771385,0.007769537009577912,0.34221331496582047
298,2024-03-12,5708384,189.5245,188.95,189.84,190.16,187.91,188.4257142857143,173.2414705882353,0.008231982580062747,0.4049733570159848,0.1418001450424455,0.007898014007096983,0.34221331496582047
299,2024-03-13,7795535,191.2072,190.36,191.38,191.73,189.84,188.795,173.7325,0.008112094395280156,0.41637063351095205,0.14290327804914116,0.007837045776993982,0.34221331496582047
300,2024-03-14,10310948,188.5664,191.03,187.97,191.63,187.103,188.95624999999998,174.17367647058822,-0.01781795380917539,0.39113380698638145,0.16209302520645263,0.006909239495821537,0.34221331496582047
301,2024-03-15,17214229,189.6294,186.48,190.3,190.94,186.48,189.175,174.67352941176472,0.01239559504176202,0.40837773830668933,0.16404310938271416,0.006827104996777333,0.34221331496582047
302,2024-03-18,9013713,192.0158,190.63,192.66,192.7,189.89,190.07333333333335,175.45,0.012401471361008776,0.425843694493782,0.14819906865541838,0.007556994398916365,0.34221331496582047
303,2024-03-19,8475517,193.4709,192.71,193.79,193.93,192.38,190.6042857142857,175.7197058823529,0.00586525485310907,0.43420663114268665,0.14473520774644305,0.007737851412875328,0.34221331496582047
304,2024-03-20,9367043,195.6171,194.19,196.33,196.56,193.61,191.32,176.26720588235295,0.013106971463956008,0.45300473653049034,0.1463736010796102,0.007651239864929617,0.34221331496582047
305,2024-03-21,11203796,198.6853,196.52,199.06,199.43,196.33,192.66625,176.8339705882353,0.013905159680130286,0.4732089994079325,0.1517044702984982,0.007382376600702618,0.34221331496582047
306,2024-03-22,8108840,197.5226,199.01,196.62,200.48,196.54,193.51375000000002,177.3569117647059,-0.01225761077062193,0.45515097690941264,0.16671447931041142,0.0067177100416596965,0.34221331496582047
307,2024-03-25,8577015,195.118,196.6,194.82,196.94,194.36,195.54666666666665,177.9980597014925,-0.009154714678059284,0.44182948490230767,0.1749918350331199,0.006399953069476942,0.34221331496582047
308,2024-03-26,5961484,195.7978,194.59,195.73,196.66,194.0554,195.57285714285715,178.25882352941176,0.004670978338979559,0.4485642391947884,0.17095551506223056,0.006551058217372762,0.34221331496582047
309,2024-03-27,8725757,198.3335,196.5,199.52,199.6,196.38,196.06625,178.74838235294118,0.019363408777397506,0.4766133806986368,0.1815725907349159,0.006167998855007014,0.34221331496582047
310,2024-03-28,8628313,200.0362,199.49,200.3,200.72,198.54,197.02124999999998,179.21676470588235,0.003909382518043403,0.4823860272350491,0.18097782158499753,0.006188269490400683,0.34221331496582047
311,2024-04-01,7309009,199.1407,199.99,198.94,200.94,198.565,197.862,180.06409090909094,-0.006789815277084443,0.47232089994079196,0.19129214631876862,0.005854602780646074,0.34221331496582047
312,2024-04-02,7014683,198.8779,198.39,198.86,199.78,198.08,198.02833333333334,180.34462686567164,-0.00040213129586796903,0.47172883362936524,0.18721654781691224,0.005982054176369385,0.34221331496582047
313,2024-04-03,9353426,198.5897,199.04,198.3,199.56,197.7,198.06714285714287,180.60867647058825,-0.00281605149351305,0.4675843694493771,0.18806953030511592,0.005954922788059697,0.34221331496582047
314,2024-04-04,9243793,197.5601,199.15,195.65,199.68,195.55,198.1857142857143,181.0095588235294,-0.013363590519415047,0.44797217288336166,0.19726445910287552,0.005677350785067462,0.34221331496582047
315,2024-04-05,6532278,197.0448,196.16,197.45,198.1224,195.11,198.43142857142857,181.4220588235294,0.009200102223357876,0.4612936648904662,0.19926772709452495,0.005620275536250595,0.34221331496582047
316,2024-04-08,8000963,198.3801,197.62,198.48,198.98,197.62,197.9466666666667,182.01164179104478,0.005216510508989636,0.4689165186500872,0.1987946679220282,0.005633649752582319,0.34221331496582047
317,2024-04-09,7334031,196.702,198.07,197.15,198.88,194.91,197.83285714285714,182.23426470588237,-0.006700927045546035,0.45907341622261555,0.19779793686858485,0.00566203848980334,0.34221331496582047
318,2024-04-10,7681377,195.4359,195.55,195.47,197.07,194.18,197.5375,182.42608695652174,-0.008521430382957162,0.4466400236826511,0.20289371634130682,0.00551983349681299,0.34221331496582047
319,2024-04-11,10133789,195.2223,196.0,195.43,196.57,193.24,197.09875,182.7644927536232,-0.00020463498235023803,0.44634399052693774,0.20103067512994266,0.005570988263506101,0.34221331496582047
320,2024-04-12,31532308,184.9688,188.32,182.79,188.93,182.54,195.09,182.93057971014494,-0.06467788978150757,0.3527975133214907,0.34175888054047243,0.0032769873601601724,0.34221331496582047
321,2024-04-15,14266551,184.4365,184.5,182.89,187.46,182.195,192.035,183.25617647058823,0.0005470758794243746,0.3535375962107741,0.33769180678123056,0.003316454557866005,0.34221331496582047
322,2024-04-16,15790397,180.7366,182.9,180.8,183.16,179.65,190.43,183.22057971014493,-0.011427634096998096,0.338069863824747,0.33162797810028355,0.003377096040476269,0.34221331496582047
323,2024-04-17,8893394,180.4756,181.37,180.08,182.4199,179.2,189.13625,183.33739130434782,-0.0039823008849557695,0.332741267021905,0.3251814642987478,0.0034440448017809457,0.34221331496582047
324,2024-04-18,9103239,181.6465,181.1,181.25,183.36,179.97,186.9825,183.49086956521737,0.0064971123944912446,0.341400236826523,0.3255178664901539,0.003440485598622261,0.34221331496582047
325,2024-04-19,12605694,184.4451,182.4,185.8,185.88,181.41,185.56375,183.70507246376815,0.025103448275862084,0.3750740082889268,0.3402891483045644,0.003291140893953086,0.34221331496582047
326,2024-04-22,10982074,188.5942,185.99,189.41,190.125,185.98,183.37166666666667,184.20161764705884,0.01942949407965555,0.40179100059206463,0.35205514846072494,0.0031811480009603047,0.34221331496582047
327,2024-04-23,8536013,191.6849,191.13,192.14,192.225,190.52,184.6242857142857,184.31666666666666,0.014413177762525597,0.4219952634695068,0.3498356730315867,0.003201330276150823,0.34221331496582047
328,2024-04-24,6803689,192.1976,190.53,193.08,193.23,190.17,185.68125,184.44185714285715,0.004892266056000905,0.42895204262877273,0.3486833617828974,0.0032119098715439496,0.34221331496582047
329,2024-04-25,8521858,192.9984,192.25,193.37,193.935,191.18,186.99124999999998,184.8044285714286,0.0015019680961259052,0.43109828300769504,0.348098253701033,0.0032173086760598564,0.34221331496582047
330,2024-04-26,6219221,193.8139,193.57,193.49,194.87,193.06,188.5775,185.18157142857143,0.0006205719604903681,0.43198638247483556,0.3369582428929336,0.0033236745364602117,0.34221331496582047
331,2024-04-29,5272892,193.401,193.48,193.28,194.26,192.43,192.46166666666667,185.771884057971,-0.001085327407101211,0.43043220840734,0.3361671296471836,0.0033314962498832796,0.34221331496582047
332,2024-04-30,8003262,192.7654,192.81,191.74,194.99,191.64,192.35857142857142,185.85714285714286,-0.007967715231788075,0.4190349319123725,0.3291337749664254,0.0034026879552785565,0.34221331496582047
333,2024-05-01,7010946,192.3338,192.27,191.86,194.46,190.79,192.29625,186.16785714285714,0.0006258475018254828,0.41992303137951303,0.3285664714677775,0.0034085630428162873,0.34221331496582047
334,2024-05-02,6195276,191.2237,193.07,191.66,193.5,189.52,192.57750000000001,186.4917142857143,-0.0010424267695194889,0.4184428656009458,0.32853873839823594,0.003408850771186963,0.34221331496582047
335,2024-05-03,8854081,190.3511,192.0,190.51,192.529,188.46,192.37375,186.77757142857143,-0.006000208702911403,0.40993191237418447,0.329023324416669,0.003403830210940754,0.34221331496582047
336,2024-05-06,7392533,191.1408,191.73,192.0,192.2,189.815,191.84166666666667,187.26391304347825,0.007821111752663867,0.42095914742451,0.3323962549130459,0.0033692904634156965,0.34221331496582047
337,2024-05-07,7518051,192.1622,191.7,191.75,192.93,191.65,191.82857142857142,187.32799999999997,-0.0013020833333333703,0.4191089402013011,0.32438587310681316,0.003452491691538142,0.34221331496582047
338,2024-05-08,9142478,194.2654,191.0,195.65,196.65,191.0,192.30625,187.65542857142856,0.02033898305084758,0.44797217288336166,0.33553831085516655,0.003337739672406692,0.34221331496582047
339,2024-05-09,7878774,196.8481,195.17,197.5,197.59,195.1,192.83375,187.95871428571428,0.009455660618451267,0.4616637063351081,0.33683905068869396,0.0033248506355299775,0.34221331496582047
340,2024-05-10,7444731,198.8668,198.54,198.77,199.3399,198.27,193.7125,188.30742857142857,0.006430379746835468,0.47106275902900996,0.3355571055871395,0.003337552723832235,0.34221331496582047
341,2024-05-13,6733621,198.8852,198.8,198.73,199.85,198.04,195.73333333333335,188.86652173913043,-0.0002012376113096348,0.4707667258732964,0.1836648055866974,0.0060977361894462715,0.34221331496582047
342,2024-05-14,8486884,200.4248,199.0,201.51,201.58,198.16,196.55857142857144,189.04714285714286,0.013988829064560004,0.49134103019538045,0.18389225308457918,0.006090194192348684,0.34221331496582047
343,2024-05-15,8029534,201.2132,202.01,202.11,202.69,199.77,197.2525,189.44157142857142,0.0029775197260681896,0.49578152753108196,0.18323559305829107,0.006112019575789199,0.34221331496582047
344,2024-05-16,8301562,203.0404,202.22,202.47,204.48,201.9901,198.56125,189.8325714285714,0.0017812082529315987,0.49844582593250286,0.1702666453248656,0.00657756267891926,0.34221331496582047
345,2024-05-17,9150400,204.3864,203.81,204.79,205.05,202.8149,200.19125,190.25199999999998,0.011458487677186602,0.5156157489638822,0.16731297353159408,0.0066936801618802015,0.34221331496582047
346,2024-05-20,16766443,199.0832,204.39,195.58,205.88,195.4,200.865,190.77405797101449,-0.044972899067337146,0.44745411486086284,0.25793523794074796,0.004341940793723141,0.34221331496582047
347,2024-05-21,13905556,198.7093,197.0,199.52,199.9,196.6,200.67285714285714,190.899,0.020145209121587015,0.47661338069863657,0.26201265657561584,0.00427437188107899,0.34221331496582047
348,2024-05-22,9337967,198.9538,199.0,198.31,200.935,197.69,200.3775,191.2207142857143,-0.006064554931836441,0.467658377738305,0.25509345173828785,0.0043903107826641355,0.34221331496582047
349,2024-05-23,7772092,197.1525,197.81,196.92,198.3,196.07,200.15125,191.54442857142857,-0.007009227976400689,0.45737122557726284,0.2520529255704351,0.004443271305893477,0.34221331496582047
350,2024-05-24,7006112,200.0138,197.75,200.71,200.76,197.56,200.05124999999998,191.897,0.01924639447491372,0.48542036708111125,0.2625561817589748,0.004265523379608395,0.34221331496582047
351,2024-05-28,6800534,199.477,199.86,199.5,200.41,198.66,198.42333333333332,192.36797101449275,-0.006028598475412372,0.47646536412077967,0.2710735195277169,0.0041314973653821105,0.34221331496582047
352,2024-05-29,5609540,198.0948,198.0,198.11,198.99,196.89,198.37857142857143,192.45,-0.0069674185463658445,0.46617821195973774,0.27327726747026543,0.004098180365022408,0.34221331496582047
353,2024-05-30,6463099,199.2793,198.56,199.33,199.85,198.4,198.91428571428568,192.73000000000002,0.006158194942203821,0.47520722320899766,0.2708305637841038,0.004135203634721202,0.34221331496582047
354,2024-05-31,13671160,201.6475,199.3,202.63,203.3,198.35,199.35857142857142,193.0404285714286,0.01655546079365866,0.4996299585553563,0.2776556258651019,0.004033556058027571,0.34221331496582047
355,2024-06-03,6168123,201.0959,202.31,201.82,202.42,199.19,200.278,193.44333333333333,-0.003997433746236956,0.4936352871521592,0.2832520549839937,0.0039538619828085805,0.34221331496582047
356,2024-06-04,6672529,199.4672,200.16,199.16,201.98,198.28,200.09166666666667,193.525,-0.013180061440887902,0.47394908229721544,0.28441108829431044,0.0039377491871719775,0.34221331496582047
357,2024-06-05,8089288,197.731,199.76,197.26,199.82,196.92,199.68714285714285,193.72357142857146,-0.009540068286804648,0.45988750740082707,0.2874471409874147,0.0038961581872287705,0.34221331496582047
358,2024-06-06,7496415,196.8285,197.26,196.91,198.02,195.33,199.34,193.91585714285716,-0.0017743080198722172,0.4572972172883345,0.28753709894281676,0.0038949392473920166,0.34221331496582047
359,2024-06-07,6773725,199.8294,197.43,199.95,200.92,197.01,199.39625,194.1382857142857,0.015438525214565013,0.47979573712255585,0.2821715863646369,0.003969001791365251,0.34221331496582047
360,2024-06-10,5916324,199.576,199.24,199.61,200.84,198.44,199.11833333333334,194.46289855072465,-0.0017004251062764375,0.47727945529899185,0.2859810874436686,0.003916131453882312,0.34221331496582047
361,2024-06-11,9112488,194.6513,197.91,194.36,197.94,193.6,198.4385714285714,194.4614285714286,-0.026301287510645754,0.4384251036116029,0.30057785571377504,0.00372595489143445,0.34221331496582047
362,2024-06-12,12594939,192.7354,196.0,191.53,196.72,191.31,197.575,194.53071428571428,-0.014560609178843498,0.4174807578448769,0.3059818327403633,0.0036601504139101224,0.34221331496582047
363,2024-06-13,8473435,193.1552,192.32,193.66,194.58,190.88,196.555,194.60371428571426,0.011120973215684282,0.43324452338661756,0.3034656976303871,0.003690497939301443,0.34221331496582047
364,2024-06-14,6523075,193.4749,191.45,193.78,194.86,191.42,195.8825,194.66442857142857,0.0006196426727254067,0.43413262285375787,0.30293686017644383,0.0036969404485849497,0.34221331496582047
365,2024-06-17,8008638,194.749,193.48,194.98,195.58,192.64,194.65333333333334,194.8608695652174,0.006192589534523618,0.4430136175251609,0.30664415604413076,0.0036522448241030304,0.34221331496582047
366,2024-06-18,8601737,196.7457,194.6,197.0,197.96,194.13,194.98857142857145,194.89142857142858,0.01036003692686438,0.4579632918886898,0.30365312267881633,0.0036882200382909102,0.34221331496582047
367,2024-06-20,8281076,197.9642,196.39,198.67,199.45,196.11,194.8542857142857,195.1150724637681,0.008477157360406107,0.4703226761397259,0.22754068316396475,0.004921930953976241,0.34221331496582047
368,2024-06-21,19711390,196.0344,196.71,196.3,197.17,194.22,195.1314285714286,195.18637681159422,-0.011929330044797792,0.4527827116637049,0.23192551652250756,0.004828875875953616,0.34221331496582047
369,2024-06-24,9499781,198.5864,197.81,198.88,199.23,197.1,197.166,195.41867647058822,0.01314314824248597,0.4718768502072217,0.22726244304381363,0.004927956932759483,0.34221331496582047
370,2024-06-25,6529272,198.5962,198.09,198.07,200.07,197.74,197.3166666666667,195.45710144927534,-0.004072807723250249,0.4658821788040244,0.22176688097458133,0.005050075677810451,0.34221331496582047
371,2024-06-26,7351224,197.227,197.45,197.43,197.94,196.275,197.33285714285714,195.52623188405795,-0.0032311808956428933,0.4611456483126095,0.21643754738214552,0.005174423501372595,0.34221331496582047
372,2024-06-27,7448593,198.9616,197.44,199.17,199.86,196.9,197.93142857142857,195.60420289855074,0.008813250265916839,0.4740230905861438,0.21869334866541307,0.005121049810559419,0.34221331496582047
373,2024-06-28,14155246,201.8693,200.01,202.26,202.6,199.3018,198.68285714285713,195.69014492753624,0.015514384696490469,0.49689165186500706,0.22581725095572786,0.004959495020923738,0.34221331496582047
374,2024-07-01,9340169,205.7042,202.84,205.45,207.09,202.66,200.21,195.7704411764706,0.015771778898447497,0.5205002960331537,0.22948016070792923,0.00488033269760091,0.34221331496582047
