,date,open_price,close_price,highest_price,lowest_price,10_day_ma,100_day_ma,daily_return,cumulative_return,volatility,sharpe_ratio,beta
0,2023-07-03,15190.5414318954,15208.6932939595,15232.96134881992,15153.59713283207,15208.6932939595,15208.6932939595,0.0,0.0,0.0,0.0,1.003968253968254
1,2023-07-05,15165.35858827069,15203.77765940839,15275.18148462772,15162.65811748091,15206.235476683945,15206.235476683945,-0.00032321215610697784,-0.00032321215610697784,0.003628047454178418,0.26923154386039805,1.003968253968254
2,2023-07-06,15054.10330754214,15089.44869228777,15106.45358010147,14969.14420626536,15167.306548551887,15167.306548551887,-0.007519773682685416,-0.007840555356526946,0.0674874975531371,0.014473566996882035,1.003968253968254
3,2023-07-07,15070.50098745841,15036.85203288828,15210.62734231826,15032.56211099787,15134.692919635985,15134.692919635985,-0.0034856581225775063,-0.011298883983640429,0.05553562312782493,0.017588437155715377,1.003968253968254
4,2023-07-10,15031.94674348979,15045.6386551749,15066.43540322388,14924.63583361054,15116.882066743769,15116.882066743769,0.000584339213247631,-0.010721147151370403,0.05386507912051989,0.01813391594769117,1.003968253968254
5,2023-07-11,15068.13162289981,15119.06175474468,15135.29060913222,14974.15999956047,15117.245348077253,15117.245348077253,0.0048800254513972074,-0.005893441170940039,0.06630367748883555,0.014731985529033693,1.003968253968254
6,2023-07-12,15279.35228505855,15307.22589531347,15364.09176358542,15209.70764997747,15144.385426253855,15144.385426253855,0.012445490574819473,0.006478702637333189,0.10074584667055712,0.009695534352710013,1.003968253968254
7,2023-07-13,15432.47822349836,15571.97608863432,15602.73934255319,15420.71294503684,15196.282968350259,15197.834259051413,0.017295765746940805,0.023886522507433394,0.1308670520858802,0.0074639475843487095,1.003968253968254
8,2023-07-14,15610.00225197615,15565.59720488614,15720.05522788529,15530.99899844943,15242.447247917244,15238.696808588607,-0.000409638681171276,0.023467098982684398,0.1237255039868739,0.007894773396040236,1.003968253968254
9,2023-07-17,15608.28381344291,15713.27711268428,15745.6667233559,15576.51217543057,15387.1294519063,15286.154838998173,0.009487583794843601,0.03317732884554814,0.12165514200013218,0.008029128906743465,1.003968253968254
10,2023-07-18,15671.72214208163,15841.35136312486,15895.67731015268,15607.71231274969,15452.018296366092,15336.627250282416,0.008150702716061442,0.04159845010594254,0.11772855982625412,0.008296923182690747,1.003968253968254
11,2023-07-19,15888.15587648817,15826.35232139781,15932.05026420087,15781.95918105374,15498.810049495058,15377.437672875365,-0.0009468284228557611,0.04061223508817968,0.11428338100770515,0.008547041649226199,1.003968253968254
12,2023-07-20,15717.67308446157,15466.0882606739,15771.84342804978,15429.86775372132,15551.366250182433,15384.25694885987,-0.0227635562135704,0.01692419997822081,0.1587058249838538,0.006154687878574193,1.003968253968254
13,2023-07-21,15554.95481187699,15425.67396606672,15600.5376255589,15410.56559089982,15589.692776597687,15387.215307231787,-0.0026130909074106867,0.014266884597731844,0.15339833640294154,0.006367636313352559,1.003968253968254
14,2023-07-24,15475.15314141391,15448.02052097999,15504.66758041091,15374.65553603013,15620.127257487926,15391.268988148335,0.0014486598745977464,0.015736212335581756,0.14782710289881307,0.00660761658811542,1.003968253968254
15,2023-07-25,15483.06337063049,15561.41541626182,15622.68655148195,15482.03953409444,15611.739851598482,15401.903139905427,0.007340415888743124,0.02319213856738167,0.14495819142716637,0.006738389929333685,1.003968253968254
16,2023-07-26,15514.04174631834,15499.26473526639,15571.15664157776,15411.90500977378,15597.680462056971,15407.63029257372,-0.00399389639906933,0.01910561516960141,0.14192475216774264,0.006882413408288134,1.003968253968254
17,2023-07-27,15734.02702464318,15464.92919772619,15795.51233288674,15416.047257584,15566.636972687209,15410.813565082188,-0.0022153010563188413,0.016847989423815823,0.13826235717239274,0.007064719835995099,1.003968253968254
18,2023-07-28,15630.17362298252,15750.92771978492,15788.47597015715,15617.7476911446,15555.334017269717,15428.714310066545,0.01849336123056955,0.03565292660880881,0.14876046877995594,0.006566158504999648,1.003968253968254
19,2023-07-31,15774.29697913586,15756.99941665471,15803.55178135431,15702.73680147429,15580.259501112334,15445.128565395953,0.00038548185718378924,0.03605215202235579,0.14489088790589147,0.006741519990695873,1.003968253968254
20,2023-08-01,15696.98268464625,15718.00918877653,15748.42692879305,15636.56536422084,15599.938027921507,15458.122880795028,-0.0024744703510598542,0.03348847169002478,0.14200067374427658,0.0068787336815478465,1.003968253968254
21,2023-08-02,15561.14759604778,15370.73887045642,15561.3565202507,15321.43716998052,15571.28813323837,15454.15088032509,-0.02209378517020333,0.01065479942062364,0.16406415993783136,0.005953675791576748,1.003968253968254
22,2023-08-03,15287.77301957027,15353.54120639021,15436.5905407642,15270.72237905289,15559.47821891465,15449.776546675746,-0.001118857343889057,0.009524020876155115,0.16021051731787572,0.006096883236131066,1.003968253968254
23,2023-08-04,15420.7391719441,15274.91503440916,15523.31437670746,15258.68561169844,15523.665671183067,15442.490650331305,-0.005121044775541761,0.004354203163263293,0.1613181325686317,0.006055021848654712,1.003968253968254
24,2023-08-07,15355.62253695427,15407.85441512311,15410.85392018024,15258.920374473,15480.343021968356,15441.105200922979,0.008703117524024417,0.013095215829141083,0.1644488548778749,0.005939748367433964,1.003968253968254
25,2023-08-08,15279.41420070963,15273.04838155852,15295.79951996568,15148.24572589929,15450.729501909807,15434.64147710127,-0.008749176227436095,0.004231467250679577,0.163988892567207,0.005956408400568532,1.003968253968254
26,2023-08-09,15286.98752686512,15101.70736461432,15288.76044220756,15077.91134872033,15407.101734747872,15422.310584046196,-0.011218521192605246,-0.007034524746953208,0.16893122798865048,0.005782144775226916,1.003968253968254
27,2023-08-10,15217.29421892228,15128.837438579,15366.28681182359,15072.49181481393,15328.581487488407,15411.829400279512,0.001796490509957227,-0.005250671693945996,0.16823213426014968,0.005806172652941371,1.003968253968254
28,2023-08-11,15010.52414233809,15028.07147324647,15102.53056081587,14973.66529150839,15242.33927304715,15398.596368312854,-0.00666052270980011,-0.011876222185686847,0.1637520260049019,0.005965024318282342,1.003968253968254
29,2023-08-14,14988.41698554057,15205.58545032736,15206.26291617252,14972.01054410756,15190.850753908127,15392.162671046672,0.011812159490784069,-0.00020434652550804788,0.16128669252912806,0.006056202170001328,1.003968253968254
30,2023-08-15,15172.07898592668,15037.64754458052,15192.88417936485,15014.36484646226,15168.964581147042,15380.726699225183,-0.011044487980778395,-0.01124657760354153,0.16098315379719338,0.006067621327122191,1.003968253968254
31,2023-08-16,15021.62966728397,14876.46951484756,15077.04822936773,14874.02352063015,15132.402697859607,15364.968662213381,-0.01071830080171332,-0.021844334203510285,0.15891872240694802,0.006146442675180584,1.003968253968254
32,2023-08-17,14943.33614461143,14715.81040096317,14949.58450970335,14698.28767576406,15045.897196089616,15345.297199751254,-0.010799545801108534,-0.03240797111689331,0.15669567071640095,0.006233642657907872,1.003968253968254
33,2023-08-18,14589.71382071723,14694.83711013657,14744.56804713588,14557.82921474942,14973.620787161872,15326.16602064494,-0.0014252215987524686,-0.03378700417523828,0.15661788571874968,0.006236738625378503,1.003968253968254
34,2023-08-21,14762.0064012999,14936.68589091251,14958.86514599399,14739.366958773,14911.172651961284,15315.038016938299,0.01645807836883817,-0.01788499496896445,0.158190245463312,0.006174747465789737,1.003968253968254
35,2023-08-22,15035.07315542953,14908.96232660824,15037.79376398134,14883.98233999803,14910.856891196561,15303.758136651353,-0.0018560719899142208,-0.019707871120677067,0.1543829667532959,0.006327024527570746,1.003968253968254
36,2023-08-23,14947.57536301601,15148.05561002108,15188.86347447067,14947.57536301601,14940.506731049627,15299.549960255941,0.016036882928205376,-0.003987041014398174,0.1652422750436572,0.005911228328399464,1.003968253968254
37,2023-08-24,15278.93086288406,14816.44191826432,15279.2433967274,14814.83366482806,14891.863789541747,15286.836590729843,-0.021891502136906826,-0.025791260834418406,0.17707176372655584,0.005516321725894413,1.003968253968254
38,2023-08-25,14858.93112939414,14941.82699181644,15001.29149402478,14715.36113605962,14879.886220446237,15277.990190757708,0.00846256302584747,-0.01754695797889827,0.18051554735132663,0.005411084151029852,1.003968253968254
39,2023-08-28,15035.47858078091,15052.46034087338,15086.23157373987,14948.9238020821,14967.405513082662,15272.351944510598,0.007404271854943412,-0.01027260857105794,0.17343149832686908,0.0056321073548374736,1.003968253968254
40,2023-08-29,15043.02428417087,15376.54764313747,15391.56099586715,15034.54394663943,15025.854388804777,15274.893303013694,0.021530520255486962,0.01103673707751307,0.18719704141369695,0.005217950080357265,1.003968253968254
41,2023-08-30,15386.66598877322,15462.43083319558,15484.82615111321,15341.94317602413,15080.426444353627,15279.358482303738,0.005585336321995538,0.0166837172879839,0.18849045145585183,0.005182144823479424,1.003968253968254
42,2023-08-31,15475.43036229929,15501.07442640266,15575.01434034942,15466.41051483243,15150.975011289895,15284.514667050225,0.002499192631737923,0.01922460574303786,0.1887086238256679,0.005176153572025474,1.003968253968254
43,2023-09-01,15600.95326180434,15490.86362903571,15618.85366066902,15429.35964942382,15223.71267409333,15289.204416186258,-0.0006587154597205158,0.018553226738307282,0.1726211654046974,0.005658546071087189,1.003968253968254
44,2023-09-05,15460.52252530936,15508.2356725109,15556.84661690081,15419.96027819632,15398.602090859284,15294.071777437917,0.0011214380225146314,0.019695471054726577,0.1756221314156561,0.0055618549291798726,1.003968253968254
45,2023-09-06,15467.32228177067,15371.44302821838,15486.99844034106,15289.47967737951,15394.722224767725,15295.753761150536,-0.008820645183706621,0.010701099109120316,0.1761517775058549,0.005545131767147659,1.003968253968254
46,2023-09-07,15174.22129129804,15258.52215633162,15288.19626562294,15138.72554417731,15424.159626976045,15294.96159934588,-0.007346146466500447,0.0032763408012117523,0.17534435812922178,0.005570665789927446,1.003968253968254
47,2023-09-08,15265.57403536179,15280.23023330795,15374.21970680291,15244.06176559889,15410.399997000399,15294.654695886755,0.0014226854182808335,0.004703687421775848,0.17054453049157262,0.005727447338661556,1.003968253968254
48,2023-09-11,15409.77411095404,15461.865112059,15482.84121466085,15328.34706191972,15376.05924048557,15298.067153359656,0.011886920287046632,0.016646520066260218,0.1771468246118339,0.005513984342804813,1.003968253968254
49,2023-09-12,15390.5881381351,15289.7363797206,15447.84871658982,15278.88022357754,15361.67209702474,15297.900537886875,-0.011132468889807678,0.005328734309691274,0.17810597785164609,0.005484289910251402,1.003968253968254
50,2023-09-13,15293.26758629757,15348.52513830686,15414.60914189954,15256.59945306311,15359.793960065044,15298.893177110798,0.003844981831356842,0.009194205027653002,0.1740374042237349,0.00561249934543686,1.003968253968254
51,2023-09-14,15433.01277872318,15473.89311079591,15512.81713442314,15337.18210930708,15374.056353906402,15302.258560450895,0.008168079431694508,0.017437383456324618,0.17066860273432988,0.005723283613024873,1.003968253968254
52,2023-09-15,15425.94789742755,15202.39822596306,15435.44980019982,15173.70916737754,15335.826673087922,15300.374403196409,-0.01754535092680931,-0.0004139124824712459,0.17825537372041322,0.00547969352564536,1.003968253968254
53,2023-09-18,15161.16844824385,15225.37180225281,15268.96213268835,15155.46063044387,15333.631628183042,15298.985466141896,0.0015111810615850985,0.0010966430824090878,0.17704247738466394,0.0055172342350641715,1.003968253968254
54,2023-09-19,15152.53158022411,15191.23444109215,15219.92249942885,15069.41465290044,15313.289172884342,15297.02635659554,-0.0022421364551247214,-0.001147952196148938,0.1731364246416552,0.005641706066813602,1.003968253968254
55,2023-09-20,15225.3441271995,14969.92259242014,15245.19245324362,14967.60285142915,15270.368350326316,15291.185217949549,-0.01456839136610022,-0.01569961974538614,0.17303792260854595,0.005644917614371551,1.003968253968254
56,2023-09-21,14813.48473147881,14694.24334918638,14849.24844308692,14691.68939086582,15174.41562996724,15280.712553585283,-0.018415542333755863,-0.033826045067096966,0.18459432601558523,0.005291521350470831,1.003968253968254
57,2023-09-22,14756.62391443788,14701.09663069552,14855.91952967669,14686.8436739244,15100.835661339104,15270.719175604425,0.0004663922698353584,-0.03337542900320001,0.1744884240067544,0.005597992089431854,1.003968253968254
58,2023-09-23,14716.5333412669,14716.5333412669,14716.5333412669,14716.5333412669,15021.836686709108,15261.326195361416,0.0010500380317988167,-0.03236043644118214,0.15778625058399515,0.0061905572486321645,1.003968253968254
59,2023-09-25,14662.69110707071,14768.89505296796,14771.11775093188,14615.44864454962,14895.328172840267,15253.119009654858,0.003558019438873572,-0.028917556064216754,0.15525861019278883,0.006291340725479521,1.003968253968254
60,2023-09-26,14668.45440321786,14545.82596943556,14678.48179154095,14505.6755944191,14851.640397414678,15241.52404178241,-0.015103979189531325,-0.043584765088742095,0.15936586024297644,0.006129197406508469,1.003968253968254
61,2023-09-27,14600.13873136468,14580.15928676499,14657.2113799592,14432.59695271572,14821.475829564713,15230.856868314388,0.002360355293784755,-0.04132728532596297,0.15700541338695592,0.0062213448327406145,1.003968253968254
62,2023-09-28,14530.95947792657,14702.76563526051,14787.58360488529,14510.17002044757,14763.40847767668,15222.474467789723,0.008409122704634342,-0.03326568883468406,0.13928856991791747,0.007012670299241783,1.003968253968254
63,2023-09-29,14853.34650374633,14715.24405074836,14901.85262193658,14664.77699378714,14710.52065652737,15214.548992523452,0.0008487121265079445,-0.03244520970168674,0.13709946157411704,0.007124643715388954,1.003968253968254
64,2023-10-02,14717.89607304373,14837.56942113192,14892.17577312036,14701.52373322334,14695.284679653745,15208.749306809736,0.00831283327423571,-0.02440208804624877,0.14426006505593555,0.006770999423218773,1.003968253968254
65,2023-10-03,14744.04991484042,14565.61633915023,14819.8659340293,14504.1437657759,14673.72510792279,15199.004867905804,-0.01832868135358945,-0.04228351130367625,0.15122908665609966,0.006458974519289969,1.003968253968254
66,2023-10-04,14613.22620151764,14776.25252239099,14803.04272983327,14592.55503781017,14686.541034731315,15192.695131405584,0.014461192601551653,-0.028433788702956986,0.1583572157858362,0.0061682368715566165,1.003968253968254
67,2023-10-05,14769.5533142422,14723.22244541963,14784.68604436801,14584.38599187312,14680.831958787774,15185.791121317554,-0.0035888718665982866,-0.031920615345218395,0.1580597592485558,0.0061798450277986685,1.003968253968254
68,2023-10-06,14622.22750204599,14973.24136117539,15021.38331629785,14575.94766779678,14734.258882755254,15182.710690011145,0.01698126321751925,-0.015481404498941531,0.16842963038260655,0.00579936448870883,1.003968253968254
69,2023-10-09,14871.57260024411,15047.1545117854,15070.64185612409,14816.32027902484,14820.509433508925,15180.774173179349,0.004936349373333648,-0.010621476747004532,0.17192112209318522,0.005681587028950418,1.003968253968254
70,2023-10-10,15074.04387447859,15131.51996372612,15241.94269041294,15050.53872285609,14864.93950925424,15180.080451919444,0.0056067379300612785,-0.0050742906534939625,0.1692372050069697,0.005771690788955155,1.003968253968254
71,2023-10-11,15194.53036160367,15241.11589105718,15248.21669211,15119.61513631314,14911.961556979606,15180.537108216595,0.007242889517628637,0.0021318463375510355,0.16605255096133845,0.005882383688972441,1.003968253968254
72,2023-10-12,15264.10865500176,15184.10007906576,15333.97850976143,15090.69346580384,14955.277889221337,15180.586593922832,-0.0037409210978359697,-0.0016170498292263913,0.16243121429577426,0.006013528997626006,1.003968253968254
73,2023-10-13,15225.72811790882,14995.11543088423,15232.36700378746,14943.41788161767,15008.965275688088,15177.688507415554,-0.012446219874570064,-0.014043143546073722,0.1666225169311394,0.0058622618075738295,1.003968253968254
74,2023-10-14,14997.41483715776,15084.51174807094,15084.51174807094,14997.41483715776,15047.497678898082,15177.619938745875,0.005961695833470282,-0.0081651686629709,0.16539358970844412,0.005905820286077102,1.003968253968254
75,2023-10-16,15054.47733030448,15172.73209884456,15209.49655523867,15047.26923633221,15122.321389062026,15179.507161884158,0.00584840611661841,-0.002364515768704223,0.15656856821896387,0.0062387031343429785,1.003968253968254
76,2023-10-17,15009.25920777051,15122.01188180248,15187.0596206757,14932.76948892444,15122.282700654583,15178.719555307696,-0.0033428532654276033,-0.0056994648048732666,0.15350103455297592,0.006363376117508424,1.003968253968254
77,2023-10-18,15022.28434656282,14909.25944415608,15103.8721135395,14865.80865900193,15098.613449932529,15176.851346937576,-0.014069056373538724,-0.019688335086773256,0.15979793160362107,0.006112624910002953,1.003968253968254
78,2023-10-19,14981.12533856405,14783.12694602243,15023.90867098671,14749.30131093821,15069.277053736641,15172.249500242748,-0.008460010948638241,-0.027981782505016928,0.16166138376687333,0.00604216538623616,1.003968253968254
79,2023-10-20,14752.58528413058,14560.87681353382,14781.22197807943,14552.12232095713,15005.872259270829,15162.025540218372,-0.01503404072089154,-0.0425951439682849,0.16209339822101448,0.006026061690405154,1.003968253968254
80,2023-10-23,14514.11201113668,14604.85016245849,14746.36631475482,14419.05905684099,14891.052727841257,15142.988073678875,0.0030199657265006508,-0.03970381411668378,0.15851760402738205,0.00616199584443955,1.003968253968254
81,2023-10-24,14678.40916537188,14745.85497833076,14774.16163645096,14610.32820896796,14842.673189306946,15137.547894290547,0.00965465679577604,-0.030432484019687567,0.15833846346145358,0.0061689673875421555,1.003968253968254
82,2023-10-25,14642.07584814731,14381.64093148106,14643.69410908227,14362.2405086793,14785.04415707871,15119.306302767214,-0.024699418744109303,-0.0543802380975712,0.1777730951502276,0.0054945593227243295,1.003968253968254
83,2023-10-26,14314.01374996893,14109.57299830961,14372.50890984439,14058.33257741912,14652.149269511841,15095.583311468376,-0.01891772534634073,-0.07226921303531342,0.18162226354025196,0.005378111682165897,1.003968253968254
84,2023-10-27,14245.74894571198,14180.42076333726,14321.03894456077,14130.36888466714,14534.450379703689,15073.036303823708,0.005021255075269737,-0.06761084011278296,0.1824415663240336,0.005353959829265988,1.003968253968254
85,2023-10-30,14283.98082601878,14335.50719849482,14388.20205116475,14225.85853703702,14392.974505402002,15052.43604376229,0.010936659620039535,-0.05741361723768179,0.18835679751475426,0.005185821962229578,1.003968253968254
86,2023-10-31,14340.85849681414,14409.78311730728,14420.443194255,14232.40226541273,14395.375735674184,15043.632579016334,0.005181255032278065,-0.05252983679863776,0.1852044707982923,0.005274088757560646,1.003968253968254
87,2023-11-01,14453.67579148895,14664.9051595529,14677.86124354592,14441.89455418779,14429.066913659024,15032.90497132555,0.017704780160028966,-0.03575508585097087,0.19297104181941305,0.005061820717127812,1.003968253968254
88,2023-11-02,14856.94802457892,14919.5452798056,14930.76445977627,14792.80862058835,14468.403803327412,15024.11222973026,0.017363911834562762,-0.01901202217476161,0.19122486699477786,0.005108042864079582,1.003968253968254
89,2023-11-03,14985.12223085201,15099.49147106894,15149.78086853318,14965.28709120444,14512.608364919684,15018.635883645362,0.012061104268834999,-0.007180223887737869,0.1894628823908273,0.005155547118048768,1.003968253968254
90,2023-11-06,15137.16478152778,15154.92626727298,15180.19311764647,15064.90629089599,14764.026415583756,15004.159567442686,0.0036713021965180115,-0.0035352824629504287,0.18529510843606897,0.005271508921803272,1.003968253968254
91,2023-11-07,15201.77067594698,15296.01863780093,15335.44253972976,15153.30951560934,14840.025304471923,15008.15763689965,0.009310000460552414,0.0057418045162438425,0.18330910532960107,0.005328621377159214,1.003968253968254
92,2023-11-08,15313.90129941361,15313.24107606342,15343.18612585608,15220.88451219251,14899.17727592086,15002.078755521688,0.001125942552131054,0.0068742120104057225,0.18280310195812893,0.005343371128959152,1.003968253968254
93,2023-11-09,15351.12216913995,15187.89750959099,15382.10651734339,15171.31589827599,15005.726064807879,14994.816951697227,-0.008185306157581285,-0.0013673616770728536,0.18436546184648936,0.00529809004085893,1.003968253968254
94,2023-11-10,15252.36328820257,15529.11952746574,15535.20232309415,15237.17387972501,15145.643116077686,14996.98654973845,0.022466705326347647,0.021068623537401354,0.1974260322008103,0.004947598887535326,1.003968253968254
95,2023-11-13,15469.20913900208,15482.78674064568,15524.66177683152,15404.70727586374,15327.331626473288,14994.92150876046,-0.0029836068128725746,0.01802215623580472,0.20044973494887694,0.0048729663700296895,1.003968253968254
96,2023-11-14,15744.36112947977,15812.47295121558,15850.33668525562,15726.12418981846,15396.637530007903,15006.120843588611,0.021293725483178205,0.03969964056648312,0.20697234084893032,0.004719397834902975,1.003968253968254
97,2023-11-15,15881.72076161759,15817.17609926806,15904.62715304483,15765.30549367028,15449.204851165421,15011.727989946763,0.0002974327966909218,0.04000888133829528,0.20665886585346663,0.004726556556154917,1.003968253968254
98,2023-11-16,15765.19844814927,15833.17273456648,15842.63360223545,15738.22373153728,15533.98565957711,15019.400926289336,0.0010113458431535438,0.04106068999727963,0.20583851098326408,0.0047453939140021315,1.003968253968254
99,2023-11-17,15803.9827085015,15837.99318252915,15876.86633275454,15766.94452023503,15601.732477668138,15029.48703338406,0.00030445243309618064,0.041377643457350066,0.19782213863690132,0.0049376921310112405,1.003968253968254
100,2023-11-20,15845.19666290233,16027.06345464533,16056.75590015671,15844.82831203815,15801.777527145046,15041.982055275785,0.011937766984566167,0.053809367107880535,0.18877336053626487,0.005174378495527149,1.003968253968254
101,2023-11-21,15951.55178901019,15933.61969063319,15968.08641559725,15866.81535445466,15820.612121929067,15054.196269458762,-0.005830373372924802,0.04766526503375612,0.18760533602385837,0.005206594002011869,1.003968253968254
102,2023-11-22,16025.74303530545,16001.38590021055,16119.31387589465,15964.03826898278,15843.208844214252,15065.097645484559,0.00425303295127577,0.052121019927851675,0.18756102129209962,0.005207824155350695,1.003968253968254
103,2023-11-24,15974.85043647017,15943.35308799192,16007.42570650574,15940.62256991987,15913.39487854924,15080.296724290787,-0.003626736620223947,0.04830525409597186,0.16326241327636354,0.005982913015219145,1.003968253968254
104,2023-11-27,15969.72012369908,15961.98084449031,16045.30030681593,15932.19275909873,15973.480595594261,15103.277429328553,0.0011683713203605173,0.049530063889840825,0.14287745534684662,0.006836521653580811,1.003968253968254
105,2023-11-28,15940.29380661089,15929.13732435247,15970.83064519958,15927.47925875134,15966.090050387296,15114.74770564833,-0.0020576092940981505,0.04737054107594574,0.14201117608532102,0.006878224969423428,1.003968253968254
106,2023-11-29,16111.36274602076,16158.29970382318,16161.81513642054,16110.6505277532,15993.548572306709,15131.714564160977,0.014386364735544444,0.06243839569312892,0.14413438163259223,0.006776903652156564,1.003968253968254
107,2023-11-30,15987.66330022074,15947.86949623096,16013.48099894327,15825.6679997384,15982.235149676082,15146.143830405736,-0.01302304149875566,0.048602216376145924,0.15816022436313618,0.006175919522246899,1.003968253968254
108,2023-12-01,15892.58625559371,15997.57892552685,16013.75015824908,15834.92675512712,15991.372183232319,15157.942765343316,0.0031169949884302106,0.051870704229447284,0.15118439441648604,0.0064608838832688935,1.003968253968254
109,2023-12-04,15837.12275312861,15839.66922283435,15852.44770012874,15695.5835568797,15972.422586209688,15175.39830165454,-0.009870850047223545,0.04148784623893098,0.15081255803620292,0.006476813535997199,1.003968253968254
110,2023-12-05,15763.65476634115,15877.70894553208,15931.84187440924,15760.58799894921,15958.892066112885,15185.15261615284,0.002401547795132686,0.043989029079723574,0.1469939539003761,0.00664506798660066,1.003968253968254
111,2023-12-06,15990.19558596765,15918.50302116928,15990.93691201839,15913.73068325755,15953.843435494935,15197.180986712505,0.0025692671264565536,0.04667131577251937,0.14692687122814804,0.00664810193753116,1.003968253968254
112,2023-12-07,15888.23327883742,16022.48722175886,16042.50782195711,15875.47696897303,15961.406732653504,15206.152369748914,0.0065322851307876295,0.05350847124536218,0.14558602110782135,0.006709331087246579,1.003968253968254
113,2023-12-08,15952.85329924595,16084.68872089865,16100.85635921983,15937.57753616516,15980.850657221776,15214.794840411458,0.0038821375407507297,0.057598336031082775,0.14563053073114057,0.006707280488392629,1.003968253968254
114,2023-12-11,16069.61508862652,16221.73476961587,16232.2553425942,16061.87408947418,15994.131983634848,15221.05669329299,0.008520279819848708,0.0666093697910739,0.12643326417513331,0.007725694845101964,1.003968253968254
115,2023-12-12,16209.61125412864,16354.24753888684,16354.24753888684,16175.46130232765,16045.577062956563,15236.795455037347,0.008168840827010193,0.07532233195749494,0.12494640214699029,0.007817630604025929,1.003968253968254
116,2023-12-13,16392.17854411113,16562.36987187913,16581.04034089702,16357.21036689427,16110.176164071883,15254.954008692715,0.012725888641309968,0.08900676420749987,0.12807469659943166,0.007626680704481769,1.003968253968254
117,2023-12-14,16603.53983587595,16537.82551292034,16660.70932856533,16419.26120156638,16197.445700332632,15269.057979109282,-0.0014819352030330801,0.08739292674727972,0.11076701540003138,0.00881837263340189,1.003968253968254
118,2023-12-15,16586.99729346582,16623.44696925489,16669.77398732243,16557.01010364015,16290.662953297982,15286.20871802759,0.005177310418933656,0.09302269747640324,0.1110220506951139,0.00879811542996684,1.003968253968254
119,2023-12-18,16631.11244799414,16729.80261637625,16764.31549938763,16629.28927274458,16504.904546488888,15306.726203371541,0.006397929822741899,0.10001577998952138,0.11431102200895102,0.008544974929983183,1.003968253968254
120,2023-12-19,16734.25392643041,16811.85494855435,16813.01145664161,16733.37693109166,16548.754603926813,15327.344405360345,0.0049045606848812096,0.10541087413680694,0.11166230379385958,0.008747668497781403,1.003968253968254
121,2023-12-20,16763.64048347002,16554.15807468406,16860.67636759693,16552.06393999167,16549.430037771468,15342.30732265658,-0.015328283206039184,0.08846682319900268,0.12312038396849707,0.007933575138436648,1.003968253968254
122,2023-12-21,16719.61100225966,16757.40810549438,16768.02432704374,16621.5167732707,16616.38920475628,15362.412414790466,0.012277883894388442,0.10183089247713384,0.12536423424687634,0.007791574871056819,1.003968253968254
123,2023-12-22,16799.01859522059,16777.40338467686,16839.25283626,16703.57071596427,16669.283685480033,15381.986089398275,0.0011932202794491253,0.10314561944256107,0.12525257456257466,0.0077985208743094735,1.003968253968254
124,2023-12-26,16816.7836741272,16878.4616554103,16907.51193511429,16813.56546301424,16751.5147975327,15403.988261732295,0.006023475052506555,0.1097903895605552,0.1239657470193034,0.007879473489843462,1.003968253968254
125,2023-12-27,16896.14294670473,16906.8010559339,16922.01445053441,16859.55255546979,16773.698548732875,15427.341445811202,0.0016790274553555307,0.1116537580943171,0.12389641834782991,0.00788388260381339,1.003968253968254
126,2023-12-28,16963.51711129441,16898.47319077154,16969.17058548589,16891.32378225857,16797.794345075057,15451.053095112302,-0.0004925748599519109,0.11110618540010875,0.12324476266089467,0.007925568569391016,1.003968253968254
127,2023-12-29,16902.4446844648,16825.93070568058,16919.51029402964,16757.88518685944,16799.80516752166,15476.830985574255,-0.004292842570568722,0.10633638146700086,0.11808413626904829,0.008271939382794748,1.003968253968254
128,2024-01-02,16667.2989250833,16543.93760613773,16686.60350195957,16453.15030260031,16810.72084278681,15525.198503519076,-0.016759435449692384,0.08779480829615838,0.1277253986409771,0.007647537824742936,1.003968253968254
129,2024-01-03,16413.25542943792,16368.49057016411,16471.07683758718,16352.14201822551,16737.015797349693,15548.04986805045,-0.010604914026545287,0.07625883787565524,0.12863163075185077,0.00759365959661666,1.003968253968254
130,2024-01-04,16290.77501779523,16282.01240905942,16419.43817262962,16276.4310122321,16672.015313308228,15572.852531473645,-0.005283209269296818,0.07057273720722801,0.13092755845985274,0.007460498223426055,1.003968253968254
131,2024-01-05,16281.74436804671,16305.97906081521,16415.39253800319,16249.18904146178,16590.232085508927,15597.507099674365,0.0014719711024453463,0.07214858933946289,0.13084331760442522,0.007465301516125778,1.003968253968254
132,2024-01-08,16354.22071963576,16649.8742738352,16655.23102549871,16349.39033353261,16430.058784002333,15638.512486449736,0.021090129684172343,0.0947603421293346,0.1516395527732954,0.006441491018821177,1.003968253968254
133,2024-01-09,16531.9599638416,16678.70440060544,16710.88451392252,16513.73449093977,16471.49972010285,15653.372370937675,0.0017315522205199052,0.09665597683068583,0.14759583431934206,0.0066179700923932995,1.003968253968254
134,2024-01-10,16702.55309456953,16793.04511894746,16827.36721434607,16654.74066365853,16517.434777080653,15681.307738049325,0.006855491625468835,0.10417409269586897,0.14671451778682368,0.00665772434808743,1.003968253968254
135,2024-01-11,16852.18886433119,16820.90066603006,16898.15580263613,16618.85825783025,16555.368013199328,15713.526085576183,0.0016587549717930195,0.10600564696185333,0.14475708364393428,0.0067477514239640615,1.003968253968254
136,2024-01-12,16855.00310672873,16832.91796083188,16900.36909684942,16776.9177437379,16591.490557536097,15742.907020411052,0.0007144263580423083,0.10679580654818643,0.13848778699452488,0.007053219915528432,1.003968253968254
137,2024-01-16,16775.09769258038,16830.70926398125,16895.32640337128,16726.59034523443,16767.691947371884,15784.604882408112,-0.000131212951656412,0.10665058060352828,0.14111245367303257,0.00692203127266514,1.003968253968254
138,2024-01-17,16705.50763511584,16736.27929115445,16749.1141317254,16561.49047668491,16763.204425055104,15809.084951674333,-0.0056105759624097695,0.10044163345720736,0.14108873914693956,0.006923194743911852,1.003968253968254
139,2024-01-18,16894.33074175336,16982.28860093269,16996.98370256895,16818.12691337191,16810.69218606903,15835.90768554689,0.01469916374473157,0.11661720521891472,0.1500255079034102,0.006510791604292507,1.003968253968254
140,2024-01-19,17060.14446557914,17314.00480342127,17317.21205633904,17041.85163030771,16901.449386471293,15865.949553842018,0.01953306826209289,0.13842816531108326,0.15200252172986353,0.006426109291944306,1.003968253968254
141,2024-01-22,17403.6183078734,17330.38003852701,17450.3013328094,17309.86619204739,17038.732399603334,15922.644358143367,0.0009457797483403141,0.13950486761477476,0.1514773512629908,0.006448388548802754,1.003968253968254
142,2024-01-23,17346.95101838197,17404.20562888379,17410.86330786642,17286.01842926932,17099.644604483412,15944.432023889549,0.004259894485444393,0.1443590381164639,0.14747178313307674,0.006623537035595505,1.003968253968254
143,2024-01-24,17562.31604869129,17499.29847416757,17665.25931146499,17481.97154841796,17156.738014438288,15978.64623529136,0.005463785438501345,0.15061157036534212,0.14407231847019314,0.006779822992085239,1.003968253968254
144,2024-01-25,17589.26979983632,17516.98810099811,17631.33700218257,17430.37452781362,17201.769275258266,16013.866473808943,0.0010108763420806355,0.1517746963807487,0.1433808286457772,0.0068125203802552456,1.003968253968254
145,2024-01-26,17432.87360775225,17421.00924072959,17514.75561233032,17395.53535241529,17275.55677235181,16050.803970817375,-0.005479187387416928,0.14546390699119338,0.14575687762019418,0.006701466395517186,1.003968253968254
146,2024-01-29,17438.03014313286,17596.27001296096,17603.95319022773,17414.622674342,17461.35858271117,16115.028899537108,0.010060311076675044,0.1569876302226283,0.15069892116461495,0.006481697478247094,1.003968253968254
147,2024-01-30,17556.49064567178,17476.70931090266,17578.45686428069,17443.77338739071,17463.551543881385,16135.053611468951,-0.006794661707863803,0.14912629067508254,0.15026791075345458,0.006500288800114209,1.003968253968254
148,2024-01-31,17269.97537511707,17137.23579120616,17375.32229609097,17128.73879533896,17422.76207479698,16172.294576597598,-0.01942433862447568,0.126805272482722,0.16410198952084645,0.0059523033214850685,1.003968253968254
149,2024-02-01,17216.99400803838,17344.7093191499,17356.76162380459,17175.8279508309,17424.553234874842,16210.513022786112,0.012106592362474577,0.1404470445885575,0.15512882708916678,0.006296604155498413,1.003968253968254
150,2024-02-02,17415.94044768011,17642.73155693633,17682.29179871978,17378.37400986552,17454.36897588141,16258.470237866335,0.017182313770885305,0.16004256354775692,0.15586814102104862,0.006266738095986762,1.003968253968254
151,2024-02-05,17634.69240766361,17613.03611057751,17655.77284725765,17469.61688444586,17468.448683622253,16341.776395878233,-0.0016831546896799443,0.15809003246669318,0.1575176456098199,0.006201113618132621,1.003968253968254
152,2024-02-06,17664.43864288946,17572.73388552524,17680.61739884382,17475.43368876344,17483.346569608395,16359.878711902455,-0.0022882043049957668,0.1554400858688303,0.15502306065987642,0.006300900092730894,1.003968253968254
153,2024-02-07,17674.59283029206,17755.07147667831,17784.16899602306,17637.72951822844,17517.312182992133,16410.16642187574,0.010376165276324123,0.16742912316669534,0.14384467910843773,0.006790552305037924,1.003968253968254
154,2024-02-08,17757.5980035715,17783.16595646633,17814.12174733718,17728.55397154066,17540.674175930304,16459.774993039842,0.001582335493547582,0.16927638770448317,0.14386354703851195,0.006789661713441274,1.003968253968254
155,2024-02-09,17820.98068410641,17962.40512747074,17987.89728241598,17798.81344404728,17601.386153001316,16508.267639626873,0.01007914852974956,0.1810616980884856,0.1453504273324117,0.006720206023566529,1.003968253968254
156,2024-02-12,17942.28393296156,17882.66096762813,18041.45401568676,17859.65770517935,17761.51225405771,16573.519756886282,-0.004439503467197459,0.17581837058484773,0.1513132287476754,0.006455382819938991,1.003968253968254
157,2024-02-13,17519.79594400251,17600.4236397292,17717.66870527668,17478.23250778051,17738.49959486792,16588.621284575147,-0.01578273660781504,0.15726073894327675,0.16129822108368216,0.0060557693118046384,1.003968253968254
158,2024-02-14,17728.89935472353,17807.63068272447,17815.18177367487,17619.92206849989,17747.14098084999,16627.631643625904,0.011772844065386145,0.1708849891658495,0.16072796384044966,0.006077254971368084,1.003968253968254
159,2024-02-15,17815.32134979768,17845.72342187266,17864.58495234145,17722.30569390676,17776.226894761887,16665.12730221519,0.002139124503808487,0.17338965793731576,0.1604465962033333,0.006087912367111653,1.003968253968254
160,2024-02-16,17853.59430608054,17685.98038951179,17864.15803504876,17663.39941065497,17790.382707760204,16700.020527412966,-0.008951334086298668,0.16288625509571109,0.16290611971951888,0.005995998302390399,1.003968253968254
161,2024-02-20,17591.16774720154,17546.09596597033,17657.07983142765,17399.4070181944,17728.085844572764,16752.693653626793,-0.007909339514162061,0.15368859288780667,0.15106967648935557,0.006465790090945663,1.003968253968254
162,2024-02-21,17412.78823208775,17478.90800615993,17482.13092116542,17319.43829605277,17692.489010513786,16782.48650833596,-0.0038292255975748146,0.14927085899629056,0.15186628528513507,0.006431874036118612,1.003968253968254
163,2024-02-22,17857.75550663998,18004.70228924498,18034.80437573113,17808.26000678968,17709.92348503048,16815.206349202075,0.030081643710221817,0.1838428155031575,0.18314911325926667,0.005333276257278415,1.003968253968254
164,2024-02-23,18052.59244018701,17937.60973793411,18091.62444934009,17902.77669922034,17758.092927631184,16846.854612465744,-0.0037263904858312324,0.17943135489874695,0.1835231359499027,0.005322406966464874,1.003968253968254
165,2024-02-26,17970.20933054755,17933.33234797932,18014.10910534034,17926.66073258562,17780.129669457736,16893.960991910433,-0.0002384593051851791,0.17915010851734414,0.18671570241226323,0.005231401562202453,1.003968253968254
166,2024-02-27,17962.58314489904,17971.04650881895,17987.54126085128,17871.05749763548,17811.949142684603,16910.036895147874,0.0021030202367200435,0.18162988505768674,0.18199932913219666,0.005366969328649266,1.003968253968254
167,2024-02-28,17895.02621953252,17874.50353332059,17931.01306556362,17840.35580663098,17820.88548420403,16937.610627665414,-0.005372139872376502,0.17528200403777672,0.18074723404700188,0.005404148076939518,1.003968253968254
168,2024-02-29,17991.67131669206,18043.85001331123,18068.51833402559,17866.26062946634,17848.756050342432,16969.10660263076,0.009474192090144218,0.18641685150412024,0.18091009162012053,0.005399283193876874,1.003968253968254
169,2024-03-01,18069.28577152792,18302.90975008074,18333.2566053976,18064.4388955297,17943.35777335623,17003.457704867626,0.014357231775834922,0.20345051322392127,0.1689347612604828,0.005782023841624428,1.003968253968254
170,2024-03-04,18290.09683954994,18226.48234552608,18313.42858583214,18218.24529669479,18058.68741650615,17037.534260950226,-0.004175696957382513,0.19842526857749165,0.1627983683436878,0.005999966874515148,1.003968253968254
171,2024-03-05,18088.70611883717,17897.86741047339,18097.50069254871,17804.4954024863,18035.71312993004,17050.186219031446,-0.018029531361181905,0.176818222613641,0.17273971739915306,0.005654662587123298,1.003968253968254
172,2024-03-06,18083.50872975537,18017.57468569911,18142.87814010117,17941.64467935518,18033.445824401177,17080.4155402257,0.00668835411953439,0.184689199620802,0.17369168770347387,0.0056236704830389325,1.003968253968254
173,2024-03-07,18161.73167321018,18297.99040220537,18337.95407783484,18101.43314378806,18079.028081179433,17115.2516149,0.015563455204036458,0.20312705690980626,0.18014265369902888,0.005422285045934726,1.003968253968254
174,2024-03-08,18312.78497656072,18018.4524209871,18416.72688675222,17995.38285064887,18084.95382020045,17142.606801917118,-0.01527697714742371,0.18474691235594798,0.18688563445757317,0.0052266447344779315,1.003968253968254
175,2024-03-11,17959.67972497803,17951.6919746409,18003.04900045078,17873.32670526952,18068.34320658866,17189.604568406674,-0.0037051154442343526,0.18035728827346897,0.1890224463850876,0.0051675599166528564,1.003968253968254
176,2024-03-12,18063.02361973701,18219.11454913857,18228.36961150191,17919.3327021502,18089.881969810074,17204.744421064497,0.014896789387620846,0.1979408221990222,0.19129221142765274,0.00510624457732648,1.003968253968254
177,2024-03-13,18151.75528508817,18068.46731498192,18163.74242009961,18030.40313677069,18087.205137956556,17237.52086359608,-0.00826863642304565,0.18803548508393408,0.19305157209738777,0.005059709209694954,1.003968253968254
178,2024-03-14,18114.68601991626,18014.80587080153,18142.9029788032,17913.62898548925,18060.745578615988,17268.948759555922,-0.002969894637155801,0.18450714486803244,0.18428605304205425,0.005300372986252731,1.003968253968254
179,2024-03-15,17926.9169267366,17808.24994056896,17930.47162915616,17764.98817037678,18049.543394877932,17296.739155429448,-0.011465898201398761,0.17092570652614603,0.18502465826399653,0.005279214275826674,1.003968253968254
180,2024-03-18,18024.23821438116,17985.00686910115,18124.32430803588,17973.08761628692,18007.889419872172,17344.120798442476,0.009925564225686356,0.1825478048297784,0.18974337595330665,0.005147925783335995,1.003968253968254
181,2024-03-19,17902.51537873831,18032.20493765201,18039.82249781734,17809.14962042434,18011.363065269292,17354.23968284262,0.002624300835377902,0.18565116602186738,0.1850347153955442,0.005278927336414646,1.003968253968254
182,2024-03-20,18067.69889926989,18240.10687201883,18249.11924285353,18003.2404136036,18039.956041112982,17383.921625525018,0.011529479344631444,0.19932110665045477,0.1840661347527134,0.0053067057587726256,1.003968253968254
183,2024-03-21,18438.23981976746,18320.37547739828,18464.7035828885,18317.09506211292,18086.041478957657,17412.835271679596,0.00440066529997063,0.20459891742801384,0.1812344807949421,0.0053896190890541755,1.003968253968254
184,2024-03-22,18293.1485943148,18339.44247124499,18386.25219476104,18267.48958870343,18101.08246922096,17438.968692258506,0.0010407534425391773,0.20585260789820592,0.18009210675888296,0.0054238069333877835,1.003968253968254
185,2024-03-25,18215.54364307991,18277.06363168295,18337.34707223643,18189.27827000426,18199.03337651637,17477.099436165467,-0.0034013487410996524,0.2017510826483797,0.15424604293070807,0.006332641011257859,1.003968253968254
186,2024-03-26,18329.2858737352,18210.53672933598,18378.70021274486,18207.87920979941,18200.676712633456,17487.885278712092,-0.0036399119512636746,0.19737681452020372,0.15132403488088925,0.006454921837473425,1.003968253968254
187,2024-03-27,18338.18694193262,18280.84200061059,18344.08625528741,18168.2041614765,18210.6973736306,17510.694681421417,0.0038606918796277867,0.20199951746487654,0.1516448389506378,0.006441266475314715,1.003968253968254
188,2024-03-28,18263.41059400338,18254.68877690825,18308.31648391215,18231.38319273456,18244.407612106486,17531.91282595604,-0.001430635618505316,0.20027989414176517,0.15178454052604579,0.00643533797250998,1.003968253968254
189,2024-04-01,18280.8194213926,18293.1985457811,18391.58264947711,18211.27557144379,18263.265936863776,17581.42880524146,0.0021095823294212668,0.20281198339680628,0.14622605460479413,0.006679964250743162,1.003968253968254
190,2024-04-02,18076.43260379754,18121.78376983274,18135.57460365485,18002.26685577332,18239.685575691936,17589.493804712973,-0.00937041029316843,0.19154114160683844,0.1461838459258121,0.006681893003300501,1.003968253968254
191,2024-04-03,18054.44464661479,18160.19035551588,18238.66500929783,18045.41925293409,18228.329115666787,17597.88640104831,0.0021193601121691774,0.19406644637436843,0.14577906602863958,0.0067004463939654025,1.003968253968254
192,2024-04-04,18331.0232864102,17878.77994094706,18362.28791931052,17875.7461083859,18171.43144556166,17612.596964070905,-0.01549600577195187,0.17556318582925723,0.14207737044991503,0.006875020379347304,1.003968253968254
193,2024-04-05,17940.2783401901,18108.45626232087,18202.95551819502,17912.85854353996,18156.848521702355,17630.268364164833,0.012846308424423913,0.19066483308681814,0.1472443215297852,0.006633769011524524,1.003968253968254
194,2024-04-08,18130.44118427795,18100.19233446655,18178.65642659122,18050.68958908115,18110.433534810698,17660.209510466015,-0.00045635739096749894,0.19012146439007394,0.12853420479315456,0.007599415415212992,1.003968253968254
195,2024-04-09,18188.86666996964,18169.90490540768,18210.02379099622,17973.0713402293,18118.92944489598,17667.70503097986,0.003851482329741973,0.19470519618041893,0.12589675659557212,0.007758617804786216,1.003968253968254
196,2024-04-10,17957.95611639143,18011.65476767833,18040.82968821636,17932.4150877203,18105.520110243775,17672.689809772593,-0.008709464279158086,0.18429995395016108,0.12911939262016686,0.007564973761615112,1.003968253968254
197,2024-04-11,18085.11208238033,18307.98265858954,18337.1509148954,17998.25274532019,18107.36812434483,17698.255680097984,0.016452008143247543,0.20378406643659686,0.13144280644662926,0.007431253513929298,1.003968253968254
198,2024-04-12,18117.67140883034,18003.48672366204,18166.49358316497,17952.08519970589,18092.580993573494,17721.951276525488,-0.016631867126258082,0.18376288979491684,0.14112013945126975,0.006921654280426333,1.003968253968254
199,2024-04-15,18143.25456428002,17706.83238943724,18152.08087141352,17676.3462581273,18050.008963206896,17763.727632350314,-0.016477604520623634,0.1642573130506857,0.1506415182304555,0.006484167371394454,1.003968253968254
200,2024-04-16,17691.44864568688,17713.66416019902,17817.72602773676,17660.88914907592,18001.95970563434,17763.0020747829,0.00038582681597265633,0.16470651474275289,0.14684333069650737,0.006651884104331848,1.003968253968254
201,2024-04-17,17785.82259192908,17493.62169048919,17788.53820803673,17459.57174281333,17938.4174537412,17775.23029821267,-0.012422188188722871,0.15023831123198694,0.14780563455009635,0.0066085763256621775,1.003968253968254
202,2024-04-18,17514.77014256282,17394.3141718854,17590.81165361064,17376.49400617085,17850.182683418556,17785.601454318177,-0.0056767843938104745,0.1437086563376222,0.14784219833402032,0.006606941917086415,1.003968253968254
203,2024-04-19,17334.71022579971,17037.64565057241,17362.28068269716,16973.94196169122,17708.650276564145,17789.146389559122,-0.020504891298874894,0.12025703466183701,0.15334421817154414,0.006369883579141707,1.003968253968254
204,2024-04-22,17161.10898864822,17210.88556792665,17305.15300484702,17010.25483470175,17426.160605084984,17808.943644421233,0.010168066698136746,0.1316478829093355,0.16160403239111404,0.006044309679867566,1.003968253968254
205,2024-04-23,17297.2386621828,17471.47136890356,17513.30723818752,17277.25484321471,17432.63357134478,17804.0527418775,0.01514075495699796,0.14878188620207133,0.16974115952624494,0.005754554876457141,1.003968253968254
206,2024-04-24,17613.66178108069,17526.80046347842,17653.65752860066,17435.33214312158,17444.404432861487,17800.09199504323,0.00316682512918387,0.1524198775472474,0.170702801296435,0.005722137011629941,1.003968253968254
207,2024-04-25,17205.27947856537,17430.50359092544,17474.46095342574,17172.42281209206,17409.86333304751,17808.660485428147,-0.005494264212891453,0.14608817825581477,0.17105613502271683,0.0057103173596055,1.003968253968254
208,2024-04-26,17566.22328124947,17718.29872095628,17772.77642189092,17533.08087906539,17410.44265314217,17822.689334425315,0.016511004890338965,0.1650112457717563,0.18181729889069065,0.005372342583719108,1.003968253968254
209,2024-04-29,17801.139470156,17782.71505413238,17820.00033169726,17671.03253305016,17523.44579438712,17841.66195738479,0.0036355822977467422,0.16924674003356,0.1826602707610867,0.0053475493779643135,1.003968253968254
210,2024-04-30,17720.3531533753,17440.69183718555,17768.86933426669,17440.69183718555,17511.623800501184,17835.933812810516,-0.019233464401002598,0.14675807448313627,0.18843537274741004,0.005183659538257621,1.003968253968254
211,2024-05-01,17382.77678749994,17318.54859363804,17667.86152348903,17284.36581682217,17487.48939964329,17835.76479216924,-0.007003348530422837,0.13872692800745434,0.188572188247621,0.005179898617947789,1.003968253968254
212,2024-05-02,17474.91512462568,17541.54134334946,17575.80457079906,17290.63650206353,17528.82137157114,17837.726730947325,0.012875949073084536,0.15338911794062837,0.19369159542811218,0.00504299019855909,1.003968253968254
213,2024-05-03,17848.6606595277,17890.79532155735,17926.97789987739,17784.78120876062,17581.236865652863,17843.31954305289,0.019910107747760808,0.17635321955392103,0.20651290593662075,0.004729897208395391,1.003968253968254
214,2024-05-06,17950.98398236091,18093.56589755589,18094.46052085218,17937.28193877399,17677.976341236445,17857.79618216711,0.01133379329169415,0.18968576378236413,0.20345115122948149,0.004801077857679379,1.003968253968254
215,2024-05-07,18106.33200082134,18091.44619943184,18156.31888916287,18061.60521267198,17737.043463835787,17861.134039556608,-0.00011715203824669285,0.18954638967026405,0.1985486976150102,0.0049196233922483195,1.003968253968254
216,2024-05-08,17987.70464758797,18085.01164002989,18135.34399047651,17987.70464758797,17780.539485860052,17868.116062800447,-0.000355668603328807,0.1891233053672552,0.19854601814461434,0.004919689784842649,1.003968253968254
217,2024-05-09,18095.796482354,18113.46290716427,18138.01871230662,18012.61810925936,17821.882967489037,17877.212542747046,0.0015731959536815499,0.19099402933968745,0.19817008466652195,0.004929022556209547,1.003968253968254
218,2024-05-10,18171.14550629026,18161.17989896498,18247.60863856543,18099.72538902178,17911.943975211463,17891.840315715024,0.002634338450094864,0.19413151070501034,0.19593990832126554,0.004985124396841575,1.003968253968254
219,2024-05-13,18228.40492635576,18198.61412238115,18233.49531049996,18147.57271878186,18123.88011092134,17907.826019512275,0.002061221992426976,0.19659288083672566,0.182859413344615,0.005341725642783309,1.003968253968254
220,2024-05-14,18187.50635176001,18322.77060117382,18339.57950704981,18175.29725296418,18152.293038100262,17913.753799250295,0.006822304047865879,0.20475640129130546,0.17970005546350667,0.005435640043447883,1.003968253968254
221,2024-05-15,18412.80699260367,18596.65134062301,18607.52729500568,18359.31950923107,18207.837825915605,17927.8054453938,0.01494756144748366,0.22276457162885643,0.1747208832624051,0.005590544181374444,1.003968253968254
222,2024-05-16,18589.9774910173,18557.96438158368,18669.49774277168,18553.30279247614,18265.88763641908,17941.880166766063,-0.0020803185654625356,0.22022083178930707,0.1752418279292518,0.0055739250658900195,1.003968253968254
223,2024-05-17,18571.82113796285,18546.22981355143,18590.36815967219,18462.253427709,18322.735588184027,17953.182428721393,-0.0006323197841621164,0.21944926201631998,0.16784209539965553,0.0058196652929134425,1.003968253968254
224,2024-05-20,18559.21652334926,18674.18691243955,18703.82864379392,18549.84016393859,18482.736195292106,17965.962113608693,0.006899359070522415,0.2278626803432542,0.14612522020406596,0.006684573791732518,1.003968253968254
225,2024-05-21,18603.98655945749,18713.79775448905,18721.17701485229,18589.91245233597,18515.7449894631,17976.645479906987,0.002121154845200479,0.2304671672169052,0.1428152044798178,0.0068395015841977705,1.003968253968254
226,2024-05-22,18733.5446872542,18705.20233184233,18756.68752406594,18606.16047832354,18539.427157260503,17988.396070824336,-0.00045930936945481893,0.2299020021181959,0.14211432260850232,0.00687323275626551,1.003968253968254
227,2024-05-23,18907.13705512646,18623.38734088473,18907.54338340147,18554.88994858876,18592.52380957345,18003.0098379837,-0.0043739163846587825,0.2245225135996065,0.138784562769103,0.00703813736771522,1.003968253968254
228,2024-05-24,18669.35890326319,18808.34673369612,18851.98897797014,18664.78789326279,18653.220826138735,18017.305781569004,0.009931565586102531,0.23668393925508013,0.1407895527599947,0.00693790695501659,1.003968253968254
229,2024-05-28,18855.15015908835,18869.4400368712,18875.19713899384,18755.94447843186,18732.393518370496,18036.944071526337,0.0032482016649357792,0.2407009380855678,0.13274556890381659,0.007358323335033435,1.003968253968254
230,2024-05-29,18708.07363025895,18736.75452168901,18814.81520496344,18706.62458192686,18733.01651884457,18046.941363671518,-0.007031767499349306,0.23197661755272558,0.137206036857758,0.007119109622704711,1.003968253968254
231,2024-05-30,18683.24565777945,18538.66259353875,18705.26136413013,18487.76265073961,18713.65590185874,18061.120886922494,-0.010572371427557403,0.21895170316189239,0.12237726614406493,0.007981750598492305,1.003968253968254
232,2024-05-31,18550.80295199804,18536.65084017172,18574.56452561184,18189.78039427838,18688.34919981341,18076.23149883695,-0.0001085166395838888,0.21881942661925025,0.11755452639971303,0.008309206350472156,1.003968253968254
233,2024-06-03,18666.72269255174,18600.97430157118,18707.21864466211,18392.57219190483,18656.49645876837,18086.88213323157,0.0034700692133695643,0.22304881438821855,0.09591265585360895,0.010184107702930306,1.003968253968254
234,2024-06-04,18597.99951248925,18654.83663795863,18697.94677644399,18521.85041733735,18656.219821966748,18094.99576901339,0.002895672856389142,0.2265903636420814,0.09353959986522227,0.0104424737618576,1.003968253968254
235,2024-06-05,18791.27948188194,19035.04843964258,19035.86811267088,18768.25444065337,18710.338195920438,18110.734570322864,0.020381406123402,0.251589999990522,0.10889363266338754,0.008970082027722261,1.003968253968254
236,2024-06-06,19053.00648422568,19021.19338250872,19071.78675912195,18978.85812542063,18749.195094243976,18125.736668518435,-0.0007278708629395725,0.25067900409718247,0.10909475059727476,0.008953545536696455,1.003968253968254
237,2024-06-07,18992.57729438165,19000.95068891885,19113.88304453862,18958.67889687748,18765.63392574993,18141.828770741264,-0.0010642178533596391,0.24934800917220024,0.10934852649813945,0.008932766161269326,1.003968253968254
238,2024-06-10,18945.31430262535,19074.67469647794,19089.83484241007,18940.70535379444,18897.946357846315,18154.433751956152,0.0038800167826384957,0.2541955004151444,0.11226798409179681,0.008700475252932006,1.003968253968254
239,2024-06-11,19031.39790654618,19210.18482439027,19212.63350149218,18966.56110358806,18942.55185306688,18169.51591013378,0.007104190769625651,0.2631055445124997,0.11059136018332535,0.008832379090627363,1.003968253968254
240,2024-06-12,19358.25937816403,19465.1794640695,19556.89508386722,19347.28057882641,19007.88030444221,18187.21158325583,0.013273929533227369,0.27987191850338733,0.11644093089291777,0.00838867234912026,1.003968253968254
241,2024-06-13,19609.0508945026,19576.92365893397,19639.44970211524,19473.70523696581,19129.873974112557,18211.198101090984,0.005740722559005373,0.2872193080985772,0.11608074761892945,0.008414701294773163,1.003968253968254
242,2024-06-14,19557.2204978493,19659.80014561004,19664.59439707057,19534.62240485794,19255.494412568987,18234.658464803993,0.004233376403766531,0.29266859194395445,0.10805492338851236,0.009039706721878878,1.003968253968254
243,2024-06-17,19681.85583547603,19902.74884831714,19977.84132716086,19623.71418074436,19481.585272966477,18261.049254513106,0.012357638475859689,0.30864292307229646,0.11349498463819473,0.008606413934510747,1.003968253968254
244,2024-06-18,19904.43182260189,19908.85759046746,19940.49961285295,19837.85883666706,19542.62417546662,18284.589373598166,0.0003069295702256003,0.3090445842822538,0.11119371820088775,0.008784532373695223,1.003968253968254
245,2024-06-20,19962.96723277523,19752.29783112089,19979.92733086331,19685.03053023464,19639.427480415612,18311.634021148016,-0.007863824362354888,0.2987504875889664,0.11997809386510176,0.008141359691757541,1.003968253968254
246,2024-06-21,19722.37158451509,19700.43122184786,19801.96690583611,19643.52031169316,19709.46268005241,18335.28567197216,-0.0026258519244941603,0.29534016112169326,0.12098446219720961,0.00807363854455164,1.003968253968254
247,2024-06-24,19648.23146159148,19474.61981217059,19723.20155734174,19472.52920522999,19747.791060784788,18364.50404951293,-0.011462257203123771,0.2804926390293807,0.12900353175292584,0.007571768028475612,1.003968253968254
248,2024-06-25,19555.83913579358,19701.128649269,19712.41545199914,19523.50672244783,19740.013992198823,18383.875420523884,0.011630976074657795,0.29538601827770683,0.1302602434013854,0.0074987178879849506,1.003968253968254
249,2024-06-26,19671.06807918604,19751.04783769252,19763.5457465626,19654.18310358811,19741.59025584078,18409.47021717014,0.0025338237880787595,0.2986682981855635,0.12696352006986275,0.0076934289215497345,1.003968253968254
250,2024-06-27,19740.51501304937,19789.02700989159,19850.81018275664,19701.33624929055,19725.344278922847,18434.931406622884,0.0019228940414286466,0.3011654997179367,0.126929952441642,0.007695463509578907,1.003968253968254
251,2024-06-28,19817.00451612913,19682.87092403128,20017.71460722635,19665.84863332626,19693.06046943196,18455.841030565098,-0.00536439137746636,0.29418553873059317,0.12550905767332887,0.007782584264392996,1.003968253968254
252,2024-07-01,19720.11206179996,19812.22252929795,19827.74880258286,19577.53546714956,19701.819460392155,18479.49170131833,0.006571785476108705,0.3026906484574128,0.11938512813682624,0.0081817964476091,1.003968253968254
