,date,volume,volume_weighted_average,open_price,close_price,highest_price,lowest_price,10_day_ma,100_day_ma,daily_return,cumulative_return,volatility,sharpe_ratio
0,2023-07-03 04:00:00,32593378,443.5281,442.92,443.79,444.08,442.63,443.79,443.79,0.0,0.0,0.0,0.0
1,2023-07-05 04:00:00,58418432,443.3129,441.91,443.13,443.889,441.9,443.46000000000004,443.46000000000004,-0.0014871898871088307,-0.0014871898871088307,0.01669366507990878,0.04365586567365614
2,2023-07-06 04:00:00,80658302,439.1438,439.42,439.66,440.1,437.06,442.1933333333333,442.1933333333333,-0.007830659174508536,-0.009306203384483624,0.06601790285709103,0.011039072263581053
3,2023-07-07 04:00:00,85434178,439.9317,438.63,438.55,442.64,438.3,441.2825,441.2825,-0.0025246781603966983,-0.0118073863764393,0.05410047957398572,0.013470793716955053
4,2023-07-10 04:00:00,62443501,438.8872,438.18,439.66,439.84,437.585,440.95799999999997,440.95799999999997,0.002531068293239125,-0.009306203384483624,0.06095201739333772,0.01195655913448338
5,2023-07-11 04:00:00,64463752,441.2254,440.45,442.46,442.97,439.44,441.2083333333333,441.2083333333333,0.006368557521721163,-0.002996912954325359,0.07627245710604964,0.009554909176666581
6,2023-07-12 04:00:00,91895927,445.6589,446.39,446.02,447.4799,444.91,441.8957142857143,441.8957142857143,0.00804592505537216,0.005024899164018715,0.08643631312165505,0.008431368414612773
7,2023-07-13 04:00:00,71975241,448.5919,447.9,449.56,450.38,447.45,442.71999999999997,442.85375,0.007936863817766149,0.013001644922147726,0.08966852405833999,0.00812744949225825
8,2023-07-14 04:00:00,69695823,449.8199,450.475,449.28,451.36,448.49,443.54,443.5677777777778,-0.0006228312127414259,0.012370715879131744,0.08472009126272195,0.008602167319078114
9,2023-07-17 04:00:00,52680221,450.4644,449.13,450.84,451.93,449.08,446.3033333333333,444.29499999999996,0.003472222222222321,0.015885891975934374,0.08056264247636594,0.009046083618015604
10,2023-07-18 04:00:00,80744448,453.2069,450.5,454.19,454.86,450.0484,447.42999999999995,445.1945454545455,0.007430574039570592,0.023434507312016795,0.0813822724219155,0.008954977277499186
11,2023-07-19 04:00:00,65639688,455.3494,455.01,455.2,456.43,454.1119,448.40125,446.02833333333336,0.002223738963869737,0.02571035850289527,0.07759640880728687,0.009391883097830483
12,2023-07-20 04:00:00,70575142,453.3022,454.17,452.18,455.1,451.44,449.96625,446.5015384615385,-0.006634446397188021,0.01890533811036721,0.08371386091304146,0.008705564316123527
13,2023-07-21 04:00:00,70940618,452.9345,453.96,452.18,454.165,452.17,451.18125,446.90714285714284,0.0,0.01890533811036721,0.08066607490354054,0.009034484462036406
14,2023-07-24 04:00:00,54043580,453.9232,453.37,454.2,455.04,452.298,453.13166666666666,447.3933333333333,0.004467247556282805,0.02345704049212416,0.07877442415653485,0.009251434182258572
15,2023-07-25 04:00:00,54844740,455.3935,453.92,455.44,456.735,453.87,453.4614285714286,447.89625,0.0027300748568912514,0.026251154825480016,0.07624524173829153,0.009558319754969041
16,2023-07-26 04:00:00,70897885,454.9956,454.47,455.51,456.99,453.38,453.7175,448.34411764705885,0.0001536975232740989,0.02640888708623379,0.07404311715177885,0.009842594806423455
17,2023-07-27 04:00:00,92090375,455.3257,459.02,452.49,459.44,451.55,453.92375000000004,448.57444444444445,-0.006629931285811463,0.01960386669370595,0.07807328601862028,0.00933451680457885
18,2023-07-28 04:00:00,80001790,456.2639,455.88,456.92,457.78,452.4918,454.265,449.0136842105263,0.009790271608212331,0.029586065481420842,0.08222300433776122,0.008863412450070359
19,2023-07-31 04:00:00,61970449,457.1754,457.41,457.79,458.16,456.045,455.3916666666667,449.4525,0.001904053225947555,0.031546452150791326,0.08003994968531852,0.009105158151582136
20,2023-08-01 04:00:00,55478674,456.4787,456.27,456.48,457.25,455.49,455.5471428571429,449.7871428571429,-0.0028615740841870796,0.028594605556681474,0.0795068489898297,0.009166209069896923
21,2023-08-02 04:00:00,93933369,451.4441,453.25,450.13,453.52,449.3499,454.87,449.8027272727273,-0.013910795653697905,0.014286036188286388,0.09549132514482231,0.007631859744581389
22,2023-08-03 04:00:00,63910792,449.2049,448.04,448.84,450.79,447.37,454.2,449.7608695652174,-0.0028658387576923072,0.011379255954391931,0.09396513684301151,0.00775581694248023
23,2023-08-04 04:00:00,100128902,449.0804,450.72,446.81,452.895,446.27,453.12125,449.6379166666666,-0.004522769806612592,0.006805020392527172,0.09529976447311718,0.007647200434950501
24,2023-08-07 04:00:00,58328464,449.5693,448.71,450.71,450.865,447.99,451.79333333333335,449.68080000000003,0.008728542333430234,0.015592960634533526,0.09604430580905811,0.007587918869218062
25,2023-08-08 04:00:00,71319824,447.539,448.08,448.75,450.6952,445.2705,451.35857142857145,449.64500000000004,-0.004348694282354515,0.01117645733342254,0.09567349900114348,0.007617327765139976
26,2023-08-09 04:00:00,78789575,446.9664,449.03,445.75,449.1999,444.96,450.6575,449.50074074074075,-0.006685236768802283,0.004416503301109875,0.09900326401164787,0.007361135085846871
27,2023-08-10 04:00:00,93005495,447.5472,448.19,445.91,451.7,444.7,449.17249999999996,449.3725,0.00035894559730786924,0.004777034182833262,0.09690039289522992,0.007520881789586399
28,2023-08-11 04:00:00,68636902,445.2738,443.97,445.65,446.7007,443.345,447.81874999999997,449.24413793103446,-0.00058307730259477,0.0041911715000326755,0.09302216281148498,0.007834438356442123
29,2023-08-14 04:00:00,47825941,446.7275,444.7,448.11,448.11,444.38,447.48,449.20633333333336,0.005520026926960631,0.009734333806528994,0.09310291773522406,0.007827642978945875
30,2023-08-15 04:00:00,75703284,444.2612,446.27,442.89,446.64,442.3,446.82428571428574,449.0025806451613,-0.011648925487045658,-0.0020279862096949097,0.09889950580742066,0.0073688578560603905
31,2023-08-16 04:00:00,80107206,441.625,442.46,439.64,444.18,439.53,445.92625,448.71,-0.007338165232902094,-0.009351269744700241,0.1002736806305563,0.00726787324197834
32,2023-08-17 04:00:00,95711315,438.3366,441.16,436.29,441.43,435.75,444.12375,448.33363636363634,-0.007619870803384554,-0.01689988508078255,0.09777288983287312,0.00745376761978936
33,2023-08-18 04:00:00,97499400,435.5882,433.37,436.5,437.57,433.01,442.5925,447.98558823529413,0.0004813312246441104,-0.016426688298520675,0.09708615573825737,0.007506491474379424
34,2023-08-21 04:00:00,68703957,437.9719,437.55,439.34,440.11,435.32,440.46166666666664,447.73857142857145,0.0065063001145475585,-0.010027265147931397,0.10188142955285616,0.0071531819245961034
35,2023-08-22 04:00:00,65053111,438.8489,441.18,438.15,441.18,437.57,440.13142857142856,447.47222222222223,-0.002708608367096077,-0.012708713580748654,0.09953218139918361,0.007322017764351737
36,2023-08-23 04:00:00,68441021,441.907,439.25,443.03,443.67,439.1,440.49375,447.35216216216213,0.011137738217505522,-0.0017125216881868077,0.10657245262850074,0.006838318743305386
37,2023-08-24 04:00:00,88351064,440.1433,444.69,436.89,445.22,436.855,439.09125,447.0768421052631,-0.013859106606776028,-0.015547894274319796,0.11393522811009678,0.00639640971820654
38,2023-08-25 04:00:00,102325103,438.7756,438.68,439.97,441.3,435.0,438.72625,446.89461538461535,0.007049829476527325,-0.008607674801145548,0.11772795659889657,0.006190342730677555
39,2023-08-28 04:00:00,61595393,442.0242,442.24,442.76,443.4,439.9728,440.02333333333337,446.79125000000005,0.006341341455099236,-0.00232091755109487,0.11571684971208995,0.00629792810764153
40,2023-08-29 04:00:00,83077916,447.1582,442.65,449.16,449.45,442.46,441.3285714285715,446.8490243902439,0.014454783629957557,0.012100317717838704,0.12513415908316475,0.005823960505022084
41,2023-08-30 04:00:00,69053911,450.6164,449.51,451.01,451.67,448.78,442.53875000000005,446.9480952380952,0.004118799536913187,0.01626895603776468,0.12591959239347492,0.0057876330956680155
42,2023-08-31 04:00:00,66084563,451.337,451.65,450.35,452.83,450.16,443.915,447.02720930232556,-0.0014633821866476548,0.014781766150655962,0.12571338506382315,0.0057971265347720215
43,2023-09-01 04:00:00,58944098,451.2518,453.17,451.19,453.67,449.68,445.545,447.1218181818182,0.0018652159431553628,0.016674553279703463,0.1166575981226617,0.0062471404525508666
44,2023-09-05 04:00:00,54634810,450.0454,450.73,449.24,451.06,449.17,448.95166666666665,447.16888888888883,-0.004321904297524326,0.012280583158700287,0.1189409845398842,0.00612721008783245
45,2023-09-06 04:00:00,70758512,446.0414,448.4,446.22,448.51,443.81,448.5614285714286,447.1482608695652,-0.006722464606891632,0.005475562766172226,0.11715013673477803,0.0062208753710583774
46,2023-09-07 04:00:00,70348426,444.5598,443.11,444.85,445.55,442.75,448.86,447.0993617021276,-0.003070234413518058,0.002388517091416187,0.11669698490316627,0.006245031959773697
47,2023-09-08 04:00:00,62068437,445.6915,444.9,445.52,447.11,444.53,448.34000000000003,447.0664583333333,0.0015061256603348117,0.0038982401586324933,0.11455940403447994,0.0063615589350495905
48,2023-09-11 04:00:00,59977618,447.8462,448.24,448.45,448.77,446.4699,446.85600000000005,447.094693877551,0.006576584665110463,0.010500461930191163,0.11979693686113134,0.006083431007708485
49,2023-09-12 04:00:00,67565422,446.7637,446.95,445.99,448.53,445.39,446.71166666666664,447.0726,-0.005485561378079984,0.004957299623694844,0.11849482949058734,0.00615028017224492
50,2023-09-13 04:00:00,60123672,446.5332,446.22,446.51,447.71,445.0793,446.6828571428572,447.061568627451,0.0011659454247852086,0.006129024989295573,0.11691768008497537,0.006233243764329139
51,2023-09-14 04:00:00,83133514,449.4353,449.07,450.36,451.08,447.715,447.14250000000004,447.125,0.008622427269266097,0.014804299330763326,0.11280058277937936,0.006460750311502173
52,2023-09-15 04:00:00,111798734,444.9005,447.14,443.37,447.48,442.92,446.40875,447.0541509433962,-0.01552091660005328,-0.0009463935645249721,0.12332836599020722,0.0059092358394448345
53,2023-09-18 04:00:00,55752213,443.6503,443.05,443.63,444.97,442.56,446.38500000000005,446.99074074074076,0.0005864176647043529,-0.0003605308817246078,0.12291001452920612,0.005929349232615449
54,2023-09-19 04:00:00,66514648,441.9622,442.68,442.71,443.29,439.94,445.86,446.91290909090907,-0.002073800238937884,-0.002433583451633803,0.1202220387907248,0.00606192015756871
55,2023-09-20 04:00:00,82472602,441.4311,444.01,438.64,444.435,438.43,444.95750000000004,446.7651785714285,-0.009193377154344762,-0.01160458775547113,0.12293918757397636,0.0059279422185133145
56,2023-09-21 04:00:00,102273826,433.7086,435.7,431.39,435.97,431.23,442.825,446.4954385964913,-0.01652836038664962,-0.027941143333559793,0.13539821864944965,0.005382466679390573
57,2023-09-22 04:00:00,100829684,431.7374,432.45,430.42,434.1,429.99,440.87875,446.21827586206894,-0.002248545399754165,-0.030126861804007365,0.1284051532028127,0.005675600878559897
58,2023-09-25 04:00:00,70822134,430.9017,429.17,432.23,432.27,428.72,436.50333333333333,445.98118644067796,0.004205194925886335,-0.02604835620451207,0.12120193646627458,0.006012910532434355
59,2023-09-26 04:00:00,96130936,427.1501,429.09,425.88,429.82,425.02,434.9857142857142,445.64616666666666,-0.014691252342502903,-0.04035692557290704,0.1274805616779075,0.005716764899191683
60,2023-09-27 04:00:00,104439847,425.4191,427.09,426.05,427.67,422.29,433.86875,445.32491803278685,0.000399173476096637,-0.03997386151107596,0.12449150509637859,0.005854025138223683
61,2023-09-28 04:00:00,91858308,427.8562,425.48,428.52,430.2499,424.87,431.97999999999996,445.05387096774194,0.005797441614833865,-0.03440816602447205,0.1133627177166559,0.006428713204909571
62,2023-09-29 04:00:00,115111319,428.5102,431.67,427.48,431.85,425.91,430.07625,444.77492063492065,-0.0024269579016147347,-0.03675161675567362,0.11099906257255462,0.0065656086046054375
63,2023-10-02 04:00:00,83798599,426.3521,426.62,427.31,428.6,424.46,427.91166666666663,444.50203125,-0.0003976794235988068,-0.037134680817504706,0.11292199795605597,0.006453803630122699
64,2023-10-03 04:00:00,103698607,422.3022,425.06,421.59,427.3729,420.18,427.00857142857143,444.1495384615385,-0.013386066321874113,-0.050023659839114054,0.11613095922031971,0.0062754704277167995
65,2023-10-04 04:00:00,87452518,423.1254,422.07,424.66,425.4299,420.56,426.715,443.85424242424244,0.007281956403140555,-0.043105973546047505,0.1187552379728852,0.006136793734486894
66,2023-10-05 04:00:00,70128794,423.5925,424.36,424.5,425.37,421.1701,425.74875,443.56537313432835,-0.00037677200584007586,-0.043466504427771,0.11886875951490394,0.006130932999583687
67,2023-10-06 04:00:00,113213309,426.957,421.97,429.54,431.125,420.6,426.20624999999995,443.3591176470588,0.011872791519434767,-0.03210978165348577,0.12738148440985494,0.005721211396662918
68,2023-10-09 04:00:00,80374362,430.3192,427.58,432.29,432.88,427.0101,426.64833333333337,443.1986956521739,0.006402197699864942,-0.025913157123865993,0.1329948668695778,0.005479733297106729
69,2023-10-10 04:00:00,78499268,435.0224,432.94,434.54,437.22,432.53,427.77571428571434,443.075,0.005204839343958989,-0.02084319159963144,0.1317011629697699,0.005533560857748704
70,2023-10-11 04:00:00,62451736,435.16,435.64,436.32,436.58,433.18,428.84375,442.9682857142857,0.004096285727435811,-0.016832285540459457,0.1302254169106794,0.0055962685136140815
71,2023-10-12 04:00:00,80654230,434.4825,436.95,433.66,437.335,431.23,429.63750000000005,442.83718309859154,-0.006096442977631011,-0.022826111449109843,0.13048206286934547,0.005585261179226157
72,2023-10-13 04:00:00,95201132,432.3429,435.21,431.5,436.45,429.88,430.87625,442.6733802816902,-0.00498086058202285,-0.027693278352375006,0.13077941077463814,0.005572562194712323
73,2023-10-16 04:00:00,75433194,435.645,433.82,436.04,437.14,433.57,434.0583333333334,442.6805714285714,0.010521436848204058,-0.017463214583475217,0.12596764931208665,0.0057854251016778765
74,2023-10-17 04:00:00,75232708,435.3865,432.81,436.02,438.14,432.45,434.33857142857147,442.58676056338027,-4.586735161915545e-05,-0.017508280943690724,0.12295582542781242,0.005927140074850442
75,2023-10-18 04:00:00,93559798,432.1327,434.19,430.21,435.18,429.09,433.82250000000005,442.45366197183097,-0.01332507683133799,-0.030600058586269352,0.12998127751686353,0.0056067797936125985
76,2023-10-19 04:00:00,121295457,428.955,430.95,426.43,432.82,425.725,433.09,442.22788732394366,-0.008786406638618294,-0.03911760066698311,0.13238484873538647,0.005504983442525172
77,2023-10-20 04:00:00,122919874,423.4845,425.98,421.19,426.54,421.08,431.42125,441.8781690140845,-0.012288066036629686,-0.05092498704342241,0.13488645924575904,0.005402887765047591
78,2023-10-23 04:00:00,91840945,421.4107,419.61,420.46,424.45,417.8,428.39166666666665,441.3567142857143,-0.0017331845485411002,-0.052569909191285236,0.12740693309181997,0.005720068622986831
79,2023-10-24 04:00:00,78564239,423.0518,422.65,423.63,424.82,420.74,427.7114285714285,441.1070422535211,0.007539361651524468,-0.04542689109714171,0.1277154483055204,0.0057062509664933085
80,2023-10-25 04:00:00,93911198,419.1266,421.89,417.55,421.92,417.015,426.44124999999997,440.6381690140845,-0.01435214692066189,-0.05912706460262851,0.1344433092068929,0.005420696683447432
81,2023-10-26 04:00:00,115062041,414.172,416.45,412.55,417.325,411.6,423.505,440.0516901408451,-0.01197461381870435,-0.07039365465648284,0.13153617160041872,0.00554050183658517
82,2023-10-27 04:00:00,107367671,411.5788,414.19,410.68,414.6,409.21,420.3375,439.42464788732394,-0.004532783904981241,-0.07460735933662432,0.13178032582152988,0.005530236746541999
83,2023-10-30 04:00:00,86560987,414.3338,413.56,415.59,416.68,408.91,416.74333333333334,438.7197142857143,0.01195578065647207,-0.0635435679037395,0.14081515306146233,0.005175411768443763
84,2023-10-31 04:00:00,79631900,416.8983,416.18,418.2,418.53,414.21,416.95142857142855,438.4307042253521,0.006280228109434738,-0.0576624078956276,0.13979874213411597,0.005213039754179977
85,2023-11-01 04:00:00,98068115,420.8746,419.2,422.66,423.5,418.6499,417.66499999999996,437.9864788732394,0.010664753706360663,-0.0476126095675895,0.14524040228965385,0.005017725018938591
86,2023-11-02 04:00:00,94838909,428.8097,426.58,430.76,430.915,426.56,418.9525,437.63887323943663,0.019164340131547775,-0.02936073368034564,0.15208895325807123,0.004791777342913802
87,2023-11-03 04:00:00,99620775,434.4545,433.14,434.69,436.29,433.01,420.335,437.3456338028169,0.00912340978735271,-0.020505193898016083,0.15312261087508341,0.004759430342551002
88,2023-11-06 05:00:00,67216066,435.0503,435.47,435.69,436.1498,433.68,426.26500000000004,436.826,0.0023004900043708254,-0.018251875887245306,0.1520172470926077,0.004794037612623896
89,2023-11-07 05:00:00,64256114,436.5304,435.69,436.93,437.585,434.51,427.7885714285714,436.8274647887324,0.0028460602722120143,-0.015457761553889338,0.148527904205681,0.00490666319050927
90,2023-11-08 05:00:00,61731027,436.8141,437.55,437.25,438.09,434.87,428.97125,436.5381690140845,0.0007323827615406397,-0.014736699790442787,0.14720331734988584,0.004950815059400339
91,2023-11-09 05:00:00,83071417,435.6292,438.43,433.84,438.47,433.4,431.2525,436.2192957746479,-0.007798742138364845,-0.022420514207171505,0.14884900475007545,0.004896078422245094
92,2023-11-10 05:00:00,89558054,437.9898,435.98,440.61,440.93,433.8335,434.05375000000004,436.08521126760564,0.015604831274202535,-0.007165551274252779,0.15752211141813738,0.004626502233676823
93,2023-11-13 05:00:00,52192568,440.0944,439.23,440.19,441.33,438.42,437.4183333333333,435.8084285714286,-0.0009532239395384501,-0.008111944838776641,0.1583928813158051,0.004601067890648831
94,2023-11-14 05:00:00,97130503,447.8699,446.32,448.73,450.06,446.09,439.03428571428566,435.9904225352113,0.019400713328335595,0.011131390973206479,0.1666526936053644,0.004373025029257873
95,2023-11-15 05:00:00,77327573,450.0195,450.11,449.68,451.38,448.8,440.365,435.97591549295777,0.0021170859982617696,0.013272043083438767,0.16379821866295868,0.004449232758929309
96,2023-11-16 05:00:00,66654468,449.4747,449.22,450.23,450.56,448.12,442.1825,435.9967605633803,0.0012230919765165993,0.0145113679893627,0.16371527141053305,0.004451486987441871
97,2023-11-17 05:00:00,83193902,450.5304,450.24,450.79,451.42,449.29,443.915,436.06774647887323,0.001243808719987527,0.015773226075394442,0.15507094657958526,0.004699632112940515
98,2023-11-20 05:00:00,69614633,453.2957,450.53,454.26,455.125,450.52,448.97999999999996,436.0501428571428,0.0076975975509661065,0.023592239572769236,0.14461022246940428,0.005039591170559826
99,2023-11-21 05:00:00,49244639,453.0274,453.1842,453.27,454.131,451.9599,449.5928571428571,436.292676056338,-0.002179368643508095,0.021361454742106156,0.14249527696815312,0.005114389864952361
100,2023-11-22 05:00:00,59446573,455.0336,454.98,455.02,456.38,453.8895,450.27124999999995,436.39000000000004,0.0038608334987977333,0.025304761260955155,0.14133935516818952,0.005156217102181344
101,2023-11-24 05:00:00,29667375,455.097,455.07,455.3,455.5,454.73,452.65000000000003,436.52085714285715,0.0006153575667005029,0.025935690303971137,0.12941615904743814,0.005631262785834691
102,2023-11-27 05:00:00,50412985,454.8288,454.65,454.48,455.4901,454.0799,454.466,436.78478260869565,-0.0018010103228640606,0.02408796953513903,0.11579948575803395,0.006293433822774475
103,2023-11-28 05:00:00,62083811,454.7221,454.08,454.93,456.27,453.5,454.5433333333333,437.04400000000004,0.00099014258053165,0.025101962639985986,0.1137638856382158,0.00640604350177619
104,2023-11-29 05:00:00,63140992,455.8178,457.15,454.61,458.32,454.2,454.55285714285714,437.26214285714286,-0.0007034049194380998,0.024380900876539435,0.11232662590256526,0.006488011141380314
105,2023-11-30 05:00:00,79752700,455.1457,455.48,456.4,456.76,453.34,454.85857142857145,437.5228571428571,0.0039374408833945385,0.028414340115819225,0.11210079953361482,0.006501081199790812
106,2023-12-01 05:00:00,88983400,457.8696,455.77,459.1,459.65,455.16,455.6914285714286,437.7524285714286,0.005915863277826672,0.034498298744900735,0.1098313080946098,0.00663541582971703
107,2023-12-04 05:00:00,72430888,456.1909,455.6,456.69,459.1206,454.34,456.035,438.0072463768116,-0.005249401001960363,0.029067802338943016,0.09914561637220637,0.007350566036057252
108,2023-12-05 05:00:00,69793469,456.3197,455.26,456.6,457.59,454.87,456.11571428571426,438.27285714285716,-0.00019707022268933283,0.028865003717973625,0.09708247272029687,0.007506776248161404
109,2023-12-06 05:00:00,69124685,456.1309,458.81,454.76,458.84,454.31,455.94625,438.4442857142857,-0.004029785370127104,0.024718898578155235,0.09957760105472072,0.007318678022068624
110,2023-12-07 05:00:00,66475446,457.6646,456.91,458.23,458.9,456.29,456.415,438.5738571428571,0.007630398451930809,0.03253791207553025,0.10141534963539219,0.007186056183305528
111,2023-12-08 05:00:00,82769404,459.2764,457.46,460.2,460.745,457.21,457.07375,438.70514285714285,0.004299151081334607,0.03697694855674882,0.10147842862553454,0.007181589330859262
112,2023-12-11 05:00:00,64895247,460.922,459.69,461.99,462.17,459.47,458.0783333333334,438.69289855072464,0.003889613211647047,0.04101038779602861,0.08472285300135463,0.008601886911408067
113,2023-12-12 05:00:00,68327617,462.9171,461.63,464.1,464.2,460.6,458.93857142857144,439.0558571428571,0.004567198424208385,0.04576488879875518,0.0829227779166,0.008788615367691523
114,2023-12-13 05:00:00,93221960,467.5616,464.49,470.5,470.7599,464.12,460.38375,439.4987323943662,0.013790131437190212,0.06018612406768864,0.09058465903856466,0.008045251900978503
115,2023-12-14 05:00:00,118424368,471.7115,472.5,472.01,473.73,469.25,462.29875,439.8194366197183,0.0032093517534537153,0.06358863426395267,0.06883110896579762,0.010587892760693903
116,2023-12-15 05:00:00,141553673,469.3495,469.49,469.33,470.7,467.4263,463.89,440.1449295774648,-0.0056778458083515115,0.05754974199508678,0.07433990121301493,0.009803300629109698
117,2023-12-18 05:00:00,70375285,471.856,470.98,471.97,472.98,469.8929,468.31666666666666,440.4555714285715,0.005625039950567956,0.06349850154352188,0.0771443242230265,0.009446921826971846
118,2023-12-19 05:00:00,55261805,473.9772,472.53,474.84,474.92,472.45,469.24857142857144,440.93985915492965,0.00608089497213804,0.06996552423443414,0.07631752358448274,0.009549266880007626
119,2023-12-20 05:00:00,102920959,471.6749,473.96,468.26,475.895,467.82,469.125,441.2188732394366,-0.013857299300817139,0.055138691723561895,0.09257731183618552,0.007872084270701912
120,2023-12-21 05:00:00,86136465,471.2265,471.33,472.7,472.975,468.84,470.46375,441.59507042253523,0.009481911758424832,0.0651434236913846,0.09556211027924098,0.007626206644034466
121,2023-12-22 05:00:00,67160419,473.7998,473.86,473.65,475.38,471.7,471.65749999999997,441.977323943662,0.002009731330653741,0.06728407580161688,0.09532717716315485,0.00764500137334585
122,2023-12-26 05:00:00,55386952,475.1113,474.07,475.65,476.58,473.99,472.845,442.3187142857143,0.004222527182518698,0.07179071182315866,0.09551923594076364,0.007629629709155687
123,2023-12-27 05:00:00,67999311,475.7704,475.44,476.51,476.66,474.89,473.36857142857144,442.78842857142854,0.0018080521391778959,0.07372856531242156,0.09447376589832246,0.007714061077165577
124,2023-12-28 05:00:00,77158116,476.7747,476.88,476.69,477.55,476.26,474.0428571428571,443.2738571428572,0.0003777465320768947,0.07413416255436012,0.09460231191310815,0.0077035791788987165
125,2023-12-29 05:00:00,122133149,475.3637,476.49,475.31,477.03,473.3,474.10999999999996,443.7977142857143,-0.0028949631836203693,0.07102458369949627,0.09576025322910484,0.007610426829030166
126,2024-01-02 05:00:00,122985393,472.5097,472.16,472.65,473.67,470.49,475.36199999999997,444.5895652173913,-0.005596347646798949,0.06503075779084577,0.10048397158805057,0.007252663174155102
127,2024-01-03 05:00:00,103577866,469.8983,470.43,468.79,471.19,468.17,474.26666666666665,445.1194202898551,-0.008166719559927982,0.05633295026927043,0.10355961621048973,0.007037264398974115
128,2024-01-04 05:00:00,84202339,468.5539,468.3,467.28,470.96,467.05,473.2685714285714,445.71942028985507,-0.0032210584696773514,0.0529304400730064,0.1047005051643194,0.006960581509953017
129,2024-01-05 05:00:00,86118913,468.0779,467.49,467.92,470.44,466.43,472.1642857142857,446.326231884058,0.0013696284882727117,0.05437256359989995,0.10287724108231162,0.007083941916234041
130,2024-01-08 05:00:00,74667074,471.969,468.43,474.6,474.75,468.3,470.24799999999993,447.28102941176473,0.014275944605915525,0.06942472791184917,0.11320797454178787,0.006437500567245751
131,2024-01-09 05:00:00,65613439,473.5367,471.87,473.88,474.93,471.35,470.8533333333333,447.6665217391305,-0.001517067003792727,0.06780233894409404,0.11075947669784,0.006579810794137802
132,2024-01-10 05:00:00,67300640,475.6819,474.16,476.56,477.4481,473.87,471.6685714285714,448.3802898550724,0.005655440195830197,0.07384123121295993,0.11144238608175529,0.0065394902779169145
133,2024-01-11 05:00:00,77910013,475.3154,477.59,476.35,478.12,472.26,472.25375,449.17391304347825,-0.0004406580493536705,0.07336803443069817,0.11107742104214055,0.006560976960862449
134,2024-01-12 05:00:00,58026420,476.5875,477.84,476.68,478.6,475.23,472.7575,449.92782608695654,0.0006927679227457517,0.07411162937425231,0.10084399675195778,0.00722677029671926
135,2024-01-16 05:00:00,84814870,474.9136,475.26,474.93,476.6098,473.06,475.5,450.9692647058824,-0.003671225979692827,0.07016832285540331,0.10170419628514149,0.0071656473080646405
136,2024-01-17 05:00:00,68843871,471.7731,471.82,472.29,472.79,469.87,475.0414285714286,451.5575,-0.005558713915734925,0.06421956330696821,0.10219019214966629,0.007131568940218319
137,2024-01-18 05:00:00,91856248,474.7458,474.01,476.49,477.06,472.42,475.31142857142856,452.1744117647059,0.008892841262783335,0.07368349895220572,0.10498633410528542,0.006941631085038643
138,2024-01-19 05:00:00,110834483,479.9667,477.65,482.43,482.72,476.5374,476.53285714285715,452.8525,0.012466158786123449,0.08706820793618442,0.09924234103787899,0.007343401946265469
139,2024-01-22 05:00:00,75742531,483.6785,484.01,483.45,485.22,482.78,477.918,453.914328358209,0.002114296374603475,0.08936659230717048,0.09724386285459777,0.007494317676573508
140,2024-01-23 05:00:00,49699297,484.0582,484.01,484.86,485.105,482.89,479.075,454.3694117647059,0.002916537387527285,0.09254377070235753,0.09472128800840417,0.007693902982662579
141,2024-01-24 05:00:00,81725039,486.6439,487.81,485.39,488.77,484.8819,479.9771428571429,455.09514705882356,0.0010930990388977602,0.09373802924806607,0.09219658603790629,0.007904592042376365
142,2024-01-25 05:00:00,72504989,486.9425,487.575,488.03,488.305,485.39,480.98375,455.86,0.005438925400193639,0.09968678879650117,0.09281734831262523,0.007851726143639165
143,2024-01-26 05:00:00,77030572,487.6887,487.59,487.41,489.12,486.54,482.54375000000005,456.7011764705882,-0.0012704137040754349,0.09828973162982346,0.09323692208529907,0.00781639273401551
144,2024-01-29 05:00:00,61322751,489.2436,487.73,491.27,491.415,487.17,486.73500000000007,458.1989552238806,0.007919410763012502,0.1069875391513988,0.09737575120013708,0.007484167170445161
145,2024-01-30 05:00:00,57658386,490.8666,490.56,490.89,491.62,490.11,487.3285714285715,458.67970588235295,-0.0007735054043601641,0.10613127830730584,0.09520346086884897,0.0076549360042010945
146,2024-01-31 05:00:00,126011061,485.8938,488.62,482.88,489.0813,482.86,486.77250000000004,459.5976470588235,-0.016317301228381043,0.08808220104103137,0.1116969024311701,0.006524589173621791
147,2024-02-01 05:00:00,91891637,486.5792,484.63,489.2,489.23,483.8,487.49125,460.5619117647059,0.01308813783962881,0.10232317086910303,0.1168972576381762,0.006234332738456807
148,2024-02-02 05:00:00,99228192,493.0074,489.65,494.35,496.05,489.3,488.67749999999995,461.6913235294118,0.010527391659852947,0.11392775862457305,0.11500644758637767,0.006336830809265205
149,2024-02-05 05:00:00,75677102,492.9606,493.695,492.55,494.3778,490.23,490.19,463.6467164179104,-0.003641144937797103,0.10987178620518545,0.11819588956141636,0.006165835402853149
150,2024-02-06 05:00:00,55918602,493.0319,493.52,493.98,494.32,492.05,490.7314285714286,464.09279411764703,0.0029032585524313426,0.1130940309605879,0.11520806627427847,0.006325741103877982
151,2024-02-07 05:00:00,70413706,497.1981,496.29,498.1,498.53,495.36,491.6525,465.30617647058824,0.00834041864043078,0.12237770116496383,0.10931886773085531,0.006666519837396783
152,2024-02-08 05:00:00,52312096,498.0636,498.1,498.32,498.71,497.26,492.53375,466.4844117647059,0.0004416783778358191,0.1228734311273334,0.10865969832373423,0.006706961381010179
153,2024-02-09 05:00:00,63579375,500.3249,498.84,501.2,501.65,498.49,493.8225,467.6394117647059,0.0057794188473270225,0.12936298699835347,0.10870705238463815,0.006704039750345474
154,2024-02-12 05:00:00,56502283,501.5388,501.17,500.98,503.5,500.24,497.5216666666667,469.1792537313433,-0.0004389465283319849,0.1288672570359839,0.11134281742924343,0.006545338236951186
155,2024-02-13 05:00:00,113099199,494.284,494.53,494.08,497.09,490.715,497.03000000000003,469.5454411764706,-0.013773004910375697,0.11331936276166488,0.12231099772047088,0.005958388157335164
156,2024-02-14 05:00:00,68360627,496.7196,496.79,498.57,499.07,494.4,497.2225,470.4701470588235,0.009087597150259086,0.12343676063002595,0.12192826314770627,0.005977091623511835
157,2024-02-15 05:00:00,61682960,500.7639,499.29,502.01,502.2,498.795,498.405,471.427205882353,0.006899733237057948,0.13118817458707777,0.12120081644184674,0.006012966098121753
158,2024-02-16 05:00:00,75532928,500.9231,501.7,499.51,502.87,498.75,499.09625,472.3427941176471,-0.004979980478476476,0.12555487956015066,0.12075108671717953,0.006035361007031147
159,2024-02-20 05:00:00,71736740,496.4411,497.72,496.76,498.41,494.45,498.65166666666664,473.7555223880597,-0.005505395287381587,0.11935825503053077,0.11851076615254512,0.006149453117123831
160,2024-02-21 05:00:00,59443671,495.8288,495.42,497.21,497.37,493.56,498.44571428571425,474.60656716417907,0.0009058700378452578,0.12037224813537772,0.11849567959127064,0.006150236049476943
161,2024-02-22 05:00:00,76402535,505.832,504.01,507.5,508.49,503.02,499.3771428571428,475.4837313432836,0.02069548078276795,0.14355889046620995,0.13612474294584592,0.0053537394051824125
162,2024-02-23 05:00:00,61321818,508.4383,509.27,507.85,510.13,507.1,501.3442857142857,476.35194029850743,0.0006896551724138167,0.1443475517699797,0.1361736366982946,0.005351817121137582
163,2024-02-26 05:00:00,50386738,507.0794,508.3,505.99,508.75,505.86,503.062,477.5840909090909,-0.003662498769321676,0.14015638026994592,0.14019197444593032,0.005198417407342949
164,2024-02-27 05:00:00,48826828,506.231,506.7,506.93,507.16,504.75,503.70666666666665,478.0220895522388,0.0018577442241940467,0.1422744992000704,0.13664235114705853,0.005333459167027734
165,2024-02-28 05:00:00,56506634,506.0354,505.33,506.26,506.855,504.96,504.07142857142856,478.79820895522386,-0.0013216814944864153,0.14076477613285387,0.1352617062470008,0.005387898915001757
166,2024-02-29 05:00:00,83271045,507.9429,508.07,508.08,509.74,505.35,504.5725,479.61626865671644,0.0035949907162327044,0.14486581491245687,0.13519654999118733,0.00539049554427984
167,2024-03-01 05:00:00,76692344,511.2406,508.98,512.85,513.29,508.56,506.58375,480.4794029850746,0.00938828530940028,0.15561414182383415,0.12063364673679831,0.006041236587330943
168,2024-03-04 05:00:00,49799257,512.7191,512.03,512.3,514.2,512.0,508.73499999999996,481.33014925373135,-0.0010724383347958666,0.15437481691791,0.11429747823157192,0.006376137178223369
169,2024-03-05 05:00:00,72820623,507.9576,510.24,507.18,510.7,504.91,508.5128571428571,481.71029411764704,-0.009994144056217014,0.14283782870276318,0.1186702002030991,0.006141191293873538
170,2024-03-06 05:00:00,68214867,509.9143,510.55,509.75,512.069,508.42,508.66749999999996,482.5230882352941,0.005067234512401875,0.1486288559904443,0.11798243633878092,0.006176990600845497
171,2024-03-07 05:00:00,58639485,514.2582,513.14,514.81,515.89,509.8053,509.77,483.4036764705882,0.0099264345267287,0.1600306451249447,0.1213730921118383,0.006004431358294609
172,2024-03-08 05:00:00,86532535,514.0293,515.46,511.72,518.2201,511.13,510.36875,484.24352941176465,-0.006002214409199347,0.15306789247166286,0.12209443067676305,0.005968956948240247
173,2024-03-11 04:00:00,62557183,510.6619,510.48,511.28,511.88,508.5,511.41285714285715,485.43791044776117,-0.0008598452278590907,0.1520764325469235,0.1243286596945405,0.00586169272732459
174,2024-03-12 04:00:00,72869439,515.0759,513.45,516.78,517.38,510.86,511.97428571428566,485.8988235294118,0.01075731497418242,0.16446968160616326,0.12578281562881768,0.005793926592326451
175,2024-03-13 04:00:00,55104088,516.3159,517.11,515.97,517.29,514.49,512.47375,486.3346376811594,-0.0015673981191220987,0.16264449401743897,0.1231864226971601,0.0059160448397881996
176,2024-03-14 04:00:00,110149920,514.5295,516.97,514.95,517.125,511.82,512.7488888888888,487.17898550724635,-0.0019768591197162344,0.16034610964645268,0.12356376691063647,0.005897978173946138
177,2024-03-15 04:00:00,107646297,509.9877,510.21,509.83,511.7,508.122,512.4744444444444,487.95043478260874,-0.009942712884746241,0.14880912143130565,0.1185423948586302,0.006147812360283568
178,2024-03-18 04:00:00,89025817,513.3075,514.0,512.86,515.48,512.44,513.3414285714287,489.67537313432837,0.005943157523095932,0.1556366750039413,0.11866103086729347,0.006141665844320374
179,2024-03-19 04:00:00,60755263,513.9894,512.15,515.71,515.995,511.12,513.9114285714286,490.05823529411765,0.005557072105447869,0.16205863133463816,0.11657277049514424,0.006251686369243997
180,2024-03-20 04:00:00,69594574,517.9114,515.77,520.48,520.62,515.08,514.7325,490.4991304347826,0.009249384343914091,0.172806958246015,0.11671221613070303,0.006244216967942447
181,2024-03-21 04:00:00,60256112,522.8197,523.39,522.2,524.11,521.91,516.0975000000001,491.3717391304348,0.0033046418690441115,0.176682665224541,0.11412401323100187,0.0063858287112140335
182,2024-03-22 04:00:00,78920842,521.7698,522.11,521.21,522.605,520.97,516.6512500000001,492.1994202898551,-0.001895825354270464,0.1744518803938777,0.11202627792337755,0.006505405819409282
183,2024-03-25 04:00:00,48512108,520.3191,519.8,519.77,520.95,519.61,518.705,493.5774626865672,-0.0027628019416359173,0.17120710245836746,0.09721333930813944,0.007496670781151567
184,2024-03-26 04:00:00,65463744,519.9065,521.23,518.81,521.58,518.4,518.72,493.9485294117647,-0.001846970775535417,0.16904391716802736,0.09540160270736386,0.007639037287087936
185,2024-03-27 04:00:00,82999777,521.0339,521.71,523.17,523.21,519.485,519.27625,494.3720289855072,0.008403847265858522,0.17886838369498848,0.09638609058736979,0.007561012132439358
186,2024-03-28 04:00:00,96294886,523.428,523.21,523.07,524.61,522.78,520.5525,495.1126086956521,-0.00019114245847418054,0.1786430518939115,0.0950095577992558,0.007670558807034153
187,2024-04-01 04:00:00,62477540,522.5635,523.83,522.16,524.38,520.97,521.396,496.90121212121215,-0.001739728908176863,0.17659253250410978,0.09752463572284417,0.0074727415788623484
188,2024-04-02 04:00:00,74230308,518.5339,518.24,518.84,518.98,516.48,520.9699999999999,497.2286567164179,-0.006358204381798571,0.16911151670835056,0.09834019270331149,0.0074107684792543765
189,2024-04-03 04:00:00,59155759,519.6382,517.72,519.41,520.95,517.665,520.7471428571429,497.55485294117653,0.0010986045794463273,0.1703959079744899,0.09598678866884713,0.007592465696959284
190,2024-04-04 04:00:00,96583574,517.8667,523.52,513.07,523.8674,512.755,519.79,497.7797101449276,-0.012206156985810623,0.15610987178620284,0.10525687818856229,0.006923788857046819
191,2024-04-05 04:00:00,74546483,517.6386,514.46,518.43,520.44,514.01,519.7357142857143,498.39971014492755,0.010446917574599812,0.1681876563239344,0.10449101610080068,0.006974536448439395
192,2024-04-08 04:00:00,48331202,518.8999,519.15,518.72,520.18,517.89,518.4383333333333,499.69835820895526,0.00055938120864929,0.16884111854705797,0.10059682768405098,0.007244526662594203
193,2024-04-09 04:00:00,68124385,517.7023,520.5,519.32,520.75,514.35,518.5642857142857,499.9869117647059,0.001156693399136488,0.17019310935352072,0.09806249780949959,0.007431754407737546
194,2024-04-10 04:00:00,82652806,514.1656,513.48,514.12,516.16,512.09,518.00875,500.1917391304347,-0.010013094046060322,0.1584758556975121,0.10481483675218096,0.006952988936600502
195,2024-04-11 04:00:00,69873607,516.4476,515.68,518.0,519.48,512.08,517.48875,500.4461428571428,0.007546876215669407,0.16721872957930284,0.10130427683182867,0.007193935173529896
196,2024-04-12 04:00:00,92561094,512.3197,514.37,510.85,515.815,509.08,516.49,500.99185714285716,-0.013803088803088781,0.15110750580229126,0.11217397491711782,0.006496840295335654
197,2024-04-15 04:00:00,91911383,508.3195,515.13,504.45,515.3,503.58,514.2433333333333,502.4983823529412,-0.01252813937555064,0.1366862705333578,0.11812390360930837,0.0061695929279471685
198,2024-04-16 04:00:00,73338462,504.1622,504.94,503.53,506.5,502.21,512.7128571428572,502.5133333333333,-0.0018237684606997595,0.13461321796344872,0.11522368460072796,0.0063248836630667655
199,2024-04-17 04:00:00,75550490,502.136,506.05,500.55,506.22,499.12,511.1925,502.48528571428574,-0.005918217385259994,0.12789833029135167,0.11410057388224987,0.006387140533417375
200,2024-04-18 04:00:00,74440556,500.7136,501.98,499.52,504.13,498.56,508.7925,502.84128571428573,-0.002057736489861184,0.12557741274025758,0.11149552924941776,0.00653637329887205
201,2024-04-19 04:00:00,101688674,496.8453,499.44,495.16,500.455,493.86,505.7725,503.1452857142858,-0.008728379244074214,0.11575294621329668,0.10696904290957521,0.0068129655132612805
202,2024-04-22 04:00:00,67917950,498.8213,497.83,499.72,502.38,495.43,500.4883333333334,504.26911764705875,0.00920914451894328,0.12602807634241175,0.11562987658887414,0.006302665209275373
203,2024-04-23 04:00:00,64524650,504.4162,501.78,505.65,506.09,499.5328,501.22571428571433,504.2891304347826,0.01186664532137982,0.13939025214628264,0.12261780054981171,0.005943479633965927
204,2024-04-24 04:00:00,55926114,505.3062,506.56,505.41,507.37,503.13,501.74875000000003,504.30514285714287,-0.0004746366063481666,0.13884945582369768,0.12255678791376161,0.005946438485661955
205,2024-04-25 04:00:00,69076388,501.619,499.18,503.49,504.27,497.49,501.62874999999997,504.29366197183094,-0.003798895945865799,0.13452308524301748,0.12285175681418127,0.005932160998167967
206,2024-04-26 04:00:00,63300432,508.0069,506.35,508.26,509.88,505.7,502.22,504.7630985915493,0.0094738723708514,0.14527141215439432,0.12397818553723904,0.005878263157114855
207,2024-04-29 04:00:00,44833100,509.5523,510.09,510.06,510.75,507.25,505.4316666666667,506.04391304347826,0.0035414945106835294,0.14932738457378192,0.1250859166848577,0.005826206655746755
208,2024-04-30 04:00:00,76578307,505.7786,508.56,501.98,509.56,501.98,504.93857142857144,505.9858571428572,-0.015841273575657788,0.13112057504675345,0.13178496639083778,0.005530042009254323
209,2024-05-01 04:00:00,80203062,502.5601,501.38,500.35,508.19,499.865,504.365,505.90647887323945,-0.003247141320371294,0.12744766668919705,0.13187047836386165,0.00552645602997387
210,2024-05-02 04:00:00,62276093,503.3345,504.15,505.03,505.89,499.55,505.02875,506.2104225352113,0.009353452583191757,0.13799319497960472,0.13615450111793112,0.00535256928229106
211,2024-05-03 04:00:00,71890647,510.555,511.16,511.29,512.55,508.56,505.73375,506.5826760563381,0.01239530324931204,0.1520989657270304,0.1435980660635355,0.005075112919745396
212,2024-05-06 04:00:00,47236717,514.6357,513.75,516.57,516.61,513.3,507.5466666666667,507.5813043478261,0.010326820395470282,0.1639964848239006,0.14094320006821545,0.005170709902831635
213,2024-05-07 04:00:00,50977654,517.4968,517.56,517.14,518.57,516.45,508.9171428571429,507.71785714285716,0.0011034322550669273,0.16528087609003972,0.13761017775254708,0.0052959483973634555
214,2024-05-08 04:00:00,42012599,516.9211,515.26,517.19,517.74,515.14,509.95125,507.85126760563384,9.668561704767598e-05,0.16539354199057832,0.13759339668718512,0.005296594297954251
215,2024-05-09 04:00:00,43583253,519.1084,517.38,520.17,520.2074,516.705,511.21500000000003,508.25830985915496,0.005761905682631019,0.17210842966267537,0.13897332706523996,0.00524400196584042
216,2024-05-10 04:00:00,52201942,520.8834,521.81,520.84,522.635,519.59,513.5725,508.6801408450704,0.0012880404483150976,0.1736181527298919,0.13427803018855355,0.0054273688652280066
217,2024-05-13 04:00:00,36692999,521.0738,522.56,520.91,522.67,519.74,518.8033333333334,509.72130434782616,0.00013439827970196383,0.1737758849906459,0.12521601183716274,0.005820153426362435
218,2024-05-14 04:00:00,57521901,522.2996,521.11,523.3,523.83,520.56,519.4457142857143,509.9152857142858,0.004588124628054802,0.1791613150363882,0.12281414637948956,0.005933977654965083
219,2024-05-15 04:00:00,59427333,528.0601,525.83,529.78,530.08,525.18,520.7375,510.1950704225353,0.012382954328301166,0.19376281574618326,0.11844665567210692,0.006152781572381042
220,2024-05-16 04:00:00,50203330,529.8408,529.88,528.69,531.5218,528.54,522.2524999999999,510.70408450704224,-0.002057457812676855,0.1913066991144432,0.11854584514419675,0.006147633427751375
221,2024-05-17 04:00:00,59151072,528.8498,528.81,529.45,529.52,527.32,523.79125,511.20366197183097,0.0014375153681740471,0.1930192208026289,0.11502914006352787,0.006335580705263171
222,2024-05-20 04:00:00,37711090,530.2811,529.57,530.06,531.5601,529.17,527.0316666666666,511.9985507246377,0.0011521390121822517,0.1943937447891988,0.1091344108759666,0.00667778745933554
223,2024-05-21 04:00:00,33382000,530.4508,529.28,531.36,531.52,529.07,527.65,512.2751428571429,0.0024525525412217863,0.19732305820320106,0.10654030138032315,0.006840382380071802
224,2024-05-22 04:00:00,47734744,529.7849,530.65,529.83,531.38,527.6,527.9225,512.5223943661972,-0.002879403794037838,0.19387548164672186,0.10625979763679727,0.006858439565455469
225,2024-05-23 04:00:00,56651841,528.0228,532.96,525.96,533.07,524.72,528.55375,512.8742253521127,-0.007304229658569694,0.1851551409450387,0.10618936493748224,0.006862988593618209
226,2024-05-24 04:00:00,41239368,528.9137,527.85,529.44,530.27,526.881,529.3212500000001,513.3722535211267,0.006616472735569312,0.1929966876225213,0.10706464027839983,0.006806882257619949
227,2024-05-28 04:00:00,36263860,529.3202,530.27,529.81,530.51,527.11,529.41,514.1905797101449,0.0006988516168024983,0.19383041528650624,0.10456989322499993,0.006969275552012044
228,2024-05-29 04:00:00,44751381,526.6119,525.68,526.1,527.31,525.37,528.9371428571429,514.3607142857143,-0.007002510333893097,0.1854706054665467,0.10890084592503191,0.006692109635504546
229,2024-05-30 04:00:00,45453300,523.6892,524.52,522.61,525.2,521.33,527.8728571428571,514.4769014084507,-0.006633719825128281,0.1776065256089565,0.09409314594408281,0.0077452655346713075
230,2024-05-31 04:00:00,90193041,523.8474,523.59,527.37,527.5,518.36,527.3028571428571,514.9080281690141,0.00910813034576452,0.18833231934022576,0.09524413787464024,0.007651666722929584
231,2024-06-03 04:00:00,46822158,526.6341,529.02,527.8,529.31,522.6,526.738,515.5610144927537,0.0008153668202588449,0.1893012460848571,0.08632630607414414,0.008442112647604414
232,2024-06-04 04:00:00,33998893,527.1348,526.46,528.39,529.15,524.96,527.0133333333333,515.7442857142856,0.001117847669571903,0.19063070371121205,0.08415734807429506,0.008659688274470459
233,2024-06-05 04:00:00,47512476,532.5736,530.77,534.67,534.69,528.7254,528.1071428571429,516.0108450704226,0.011885160582145726,0.20478154081885291,0.08634260100538495,0.008440519417338959
234,2024-06-06 04:00:00,30346423,534.3595,534.98,534.66,535.42,532.68,528.92625,516.414647887324,-1.8703125292174327e-05,0.20475900763874533,0.08652029763138924,0.00842318415771497
235,2024-06-07 04:00:00,43131322,534.4546,533.66,534.01,536.89,532.535,529.45125,516.7960563380283,-0.001215725881868801,0.20329435093174442,0.08692648012274604,0.008383825035828216
236,2024-06-10 04:00:00,35296725,534.6592,533.18,535.66,535.99,532.57,532.5316666666666,517.405652173913,0.0030898297784685003,0.20701232564951622,0.08800336113128872,0.00828123370472486
237,2024-06-11 04:00:00,35439089,535.1988,534.07,536.95,537.01,532.05,533.1628571428572,517.6848571428571,0.0024082440353956347,0.20991910588341067,0.08584357849935634,0.008489585512036482
238,2024-06-12 04:00:00,62925319,541.709,541.63,541.36,544.12,540.3,534.1875,518.018309859155,0.008213055219294052,0.21985623831090995,0.08877671157658032,0.00820909433777401
239,2024-06-13 04:00:00,44408457,541.9552,543.15,542.45,543.325,539.59,536.01875,518.4429577464788,0.002013447613418151,0.22231235494265023,0.08822251030044606,0.008260662702156382
240,2024-06-14 04:00:00,39506074,541.7664,540.88,542.78,542.81,539.85,537.8175,518.9443661971831,0.0006083510000920445,0.22305594988620436,0.07927958765055455,0.009192484748303358
241,2024-06-17 04:00:00,55644455,545.4376,542.08,547.1,548.53,541.6072,541.0500000000001,519.6502898550724,0.007959025756291815,0.2327902836927347,0.08382166260768718,0.008694368229611647
242,2024-06-18 04:00:00,41040714,547.7279,547.16,548.49,548.62,546.73,542.1128571428571,520.0622857142857,0.002540668981904526,0.23592239572770612,0.08175694037544004,0.008913939256812354
243,2024-06-20 04:00:00,70302302,547.5515,549.44,547.0,550.12,545.18,543.7328571428571,520.627536231884,-0.002716549071086094,0.2325649518916575,0.0852560356662694,0.00854809157655725
244,2024-06-21 04:00:00,62463451,544.5436,544.4,544.51,545.65,543.02,544.8128571428572,521.0411594202898,-0.004552102376599643,0.22695419004483797,0.08658300600459637,0.008417083605191692
245,2024-06-24 04:00:00,45142961,544.3123,544.33,542.74,546.95,542.62,545.9680000000001,521.614705882353,-0.0032506290058951226,0.22296581716577357,0.08229584307022716,0.008855567585687172
246,2024-06-25 04:00:00,38253579,543.9439,543.99,544.83,545.2,542.44,545.7783333333333,521.9511594202899,0.0038508309687881326,0.22767525180828474,0.0806033332438426,0.009041516907555112
247,2024-06-26 04:00:00,38408871,544.7822,543.69,545.51,546.24,543.03,545.74,522.4243478260869,0.0012480957362845935,0.22920750805560886,0.07856540070890475,0.009276047646338818
248,2024-06-27 04:00:00,34948595,545.7994,545.37,546.37,546.96,544.61,545.6357142857142,522.868695652174,0.0015765063885171404,0.23114536154487175,0.0785203829352973,0.009281365845223035
249,2024-06-28 04:00:00,74580583,545.9113,547.16,544.22,550.28,542.95,545.0257142857143,523.2127536231884,-0.003935062320405525,0.2263007278217144,0.0749853065089667,0.009718922736447777
250,2024-07-01 04:00:00,39768188,544.7923,545.63,545.34,545.88,542.52,544.8349999999999,523.5825,0.002057991253537228,0.22882444399377788,0.06536771610190366,0.011148873538634745
