,date,volume,volume_weighted_average,open_price,close_price,highest_price,lowest_price,daily_return,cumulative_return,10_day_ma,100_day_ma,volatility,sharpe_ratio,beta
0,2023-07-01,149588,1.3248,1.3251,1.30768,1.3284,1.30475,0.0,0.0,0.0,0.0,0.0,0.0,-0.10233539264591897
1,2023-07-02,2182,1.3246,1.3236,1.325,1.3252,1.32239,0.013244830539581587,0.013244830539581587,0.013244830539581587,0.013244830539581587,0.0,0.0,-0.10233539264591897
2,2023-07-03,135235,1.3251,1.32494,1.32476,1.3274,1.3228,-0.00018113207547165722,0.013061299400465076,0.006531849232054965,0.006531849232054965,0.009493589209061222,-0.03143550692305731,-0.10233539264591897
3,2023-07-04,105110,1.3233,1.32477,1.32232,1.32563,1.32026,-0.0018418430508168049,0.011195399486112922,0.0037406184710977084,0.0037406184710977084,0.008272667376242316,-0.13412858007578296,-0.10233539264591897
4,2023-07-05,120465,1.3258,1.32232,1.32849,1.3288,1.3217,0.004666041502813245,0.01591367918756892,0.0039719742290265925,0.0039719742290265925,0.006770434670354384,0.13453199311228262,-0.10233539264591897
5,2023-07-06,140974,1.3324,1.32851,1.33647,1.3383,1.3273,0.006006819772824912,0.022016089563196006,0.004378943337786256,0.004378943337786256,0.005933566254502909,0.3490430201293278,-0.10233539264591897
6,2023-07-07,142033,1.3333,1.33644,1.3295,1.3387,1.32069,-0.005215231168675838,0.016686039398017938,0.002779914253375907,0.002779914253375907,0.006595993547146763,0.11754429787049377,-0.10233539264591897
7,2023-07-08,1,1.3291,1.3291,1.3291,1.3291,1.3291,-0.0003008649868371238,0.016380154166157013,0.0023398029333454745,0.0023398029333454745,0.006132848295297541,0.08658940294394003,-0.10233539264591897
8,2023-07-09,3951,1.3277,1.3271,1.32781,1.3281,1.32569,-0.0009705815965691533,0.015393674293405324,0.0019260048671061458,0.0019260048671061458,0.005797287349610956,0.04741174561111463,-0.10233539264591897
9,2023-07-10,148428,1.3285,1.32779,1.3273,1.33041,1.3267,-0.00038409109737091995,0.015003670622782517,0.0016693275377198053,0.0016693275377198053,0.00547726412545556,0.03004263926682612,-0.10233539264591897
10,2023-07-11,149828,1.3262,1.32734,1.32287,1.329,1.3222,-0.0033376026520002267,0.011615991679921889,0.001168634518747802,0.001168634518747802,0.005401294015041175,-0.04436700905962117,-0.10233539264591897
11,2023-07-12,155809,1.3198,1.32277,1.3183,1.32339,1.31113,-0.00345461005238612,0.008121252905909815,-0.0005013095404489687,0.0007483395577356273,0.0053103395117451895,-0.1071936866687306,-0.10233539264591897
12,2023-07-13,163279,1.3149,1.31831,1.31124,1.31943,1.3095,-0.0053553819312751605,0.002722378563563055,-0.001018734526029319,0.00023969610031806163,0.005361036664626357,-0.1902511702229262,-0.10233539264591897
13,2023-07-14,145901,1.3144,1.31126,1.3229,1.3231,1.309,0.008892346176138544,0.01163893307231123,5.468439666621583e-05,0.0009052845676888679,0.005666106133154732,-0.04533939787586481,-0.10233539264591897
14,2023-07-15,1,1.3225,1.3225,1.3225,1.3225,1.3225,-0.00030236601405997376,0.011333047840450305,-0.0004421563550211061,0.000819023811849665,0.005453378286909098,-0.04777143782368857,-0.10233539264591897
15,2023-07-16,2077,1.3224,1.31997,1.3227,1.32317,1.3194,0.00015122873345929655,0.011485990456380657,-0.0010277154589576677,0.0007745041399569737,0.005257834778898004,-0.04389831515680636,-0.10233539264591897
16,2023-07-17,130312,1.3206,1.32263,1.32013,1.3232,1.31326,-0.0019429953882210693,0.009520677841673653,-0.0007004918809121908,0.000604660419445846,0.005124781786092274,-0.06777354071379861,-0.10233539264591897
17,2023-07-18,148970,1.3194,1.32012,1.31663,1.32431,1.316,-0.0026512540431624654,0.006844182062889725,-0.0009355307865447249,0.00041313603929241593,0.005024491375468299,-0.09797597819396522,-0.10233539264591897
18,2023-07-19,159604,1.3171,1.31662,1.31629,1.3193,1.3154,-0.00025823503945676674,0.006584179615807928,-0.0008642961308334863,0.00037583764602857245,0.0048770405405288006,-0.0967421771104086,-0.10233539264591897
19,2023-07-20,163631,1.3155,1.3163,1.31739,1.31945,1.3117,0.0008356821065267361,0.0074253640034258606,-0.0007423188104437207,0.0004000399860547916,0.004740805387467897,-0.08294922972260739,-0.10233539264591897
20,2023-07-21,146837,1.3189,1.31737,1.3229,1.3229,1.3152,0.004182512391926352,0.011638933072311008,9.692693948937237e-06,0.0005891636063483696,0.004691234747233253,-0.03297537055730178,-0.10233539264591897
21,2023-07-22,1,1.3228,1.3228,1.3228,1.3228,1.3228,-7.559150351499344e-05,0.011562461764345722,0.0003475945488360499,0.0005575086011167809,0.0045747504967426,-0.03343486145786663,-0.10233539264591897
22,2023-07-23,2349,1.3221,1.3221,1.32251,1.3227,1.31982,-0.0002192319322648073,0.011340694971246679,0.0008612095487370852,0.0005222022132357996,0.004467569617879378,-0.03542980012411436,-0.10233539264591897
23,2023-07-24,164168,1.3191,1.32251,1.31747,1.32283,1.3148,-0.0038109352670302465,0.007486541049797957,-0.0004091185955797938,0.00033380493148510193,0.004457386480493662,-0.07387787731917088,-0.10233539264591897
24,2023-07-25,155792,1.3174,1.31746,1.31873,1.32095,1.3145,0.0009563785133628322,0.008450079530160304,-0.0002832441428375132,0.00035974549739667405,0.00436126188937054,-0.06230089719970046,-0.10233539264591897
25,2023-07-26,178295,1.3206,1.31864,1.32047,1.3238,1.317,0.001319451290256568,0.009780680288755672,-0.00016642188715778605,0.0003981337291110698,0.004273747940221013,-0.04798475587945722,-0.10233539264591897
26,2023-07-27,186294,1.319,1.32044,1.3225,1.32431,1.3137,0.0015373314047271158,0.011333047840450305,0.00018161079213703247,0.0004419490243270716,0.004193356517248219,-0.03251986637607434,-0.10233539264591897
27,2023-07-28,178776,1.3231,1.32268,1.3248,1.32528,1.21706,0.0017391304347826875,0.013091887923651235,0.0006206492399315477,0.0004899927802698721,0.004119495535598601,-0.016126968917466847,-0.10233539264591897
28,2023-07-29,178776,1.3231,1.32268,1.3248,1.32528,1.21706,0.0,0.013091887923651235,0.0007183030487524716,0.0004899927802698721,0.004043549267572122,-0.016604121418830678,-0.10233539264591897
29,2023-07-30,3775,1.3245,1.32205,1.325,1.32516,1.32153,0.00015096618357479663,0.013244830539581587,0.0006422235017578117,0.00047788468753076234,0.00397113542169285,-0.01570837468398827,-0.10233539264591897
30,2023-07-31,152321,1.3211,1.32515,1.3193,1.32611,1.3149,-0.004301886792452914,0.008885965985562239,-0.0003004875187287734,0.00031306498132442867,0.003997802507559168,-0.05328411715361818,-0.10233539264591897
31,2023-08-01,147884,1.3259,1.31929,1.32683,1.33,1.3184,0.005707572197377386,0.014644255475345647,0.0003420862258148243,0.0004928818885261939,0.003338952364558256,0.00430062782740764,-0.10233539264591897
32,2023-08-02,169541,1.3315,1.3269,1.33442,1.33531,1.32683,0.005720401257131691,0.020448427749908182,0.0010020454690811019,0.0006615115455779842,0.0034949826034532,0.05878791948068029,-0.10233539264591897
33,2023-08-03,169726,1.3355,1.33434,1.33507,1.33779,1.3327,0.0004871030110460417,0.020945491251682435,0.001479605277756245,0.000656061278873861,0.003472754221588488,0.0702315039974784,-0.10233539264591897
34,2023-08-04,176501,1.3357,1.33505,1.3381,1.33935,1.3222,0.002269543919045436,0.023262571883029493,0.0016255125450543122,0.0007049546922123936,0.0033961912543374263,0.06896045709404588,-0.10233539264591897
35,2023-08-05,176501,1.3357,1.33505,1.3381,1.33935,1.3222,0.0,0.023262571883029493,0.0016637702019040301,0.0007049546922123936,0.0032171861731289477,0.03465920081838279,-0.10233539264591897
36,2023-08-06,3557,1.3375,1.3374,1.33746,1.33802,1.3356,-0.00047829011284650225,0.022773155512052057,0.0014118175122073279,0.0006701533744165436,0.003062612322996386,0.05512513771627147,-0.10233539264591897
37,2023-08-07,149651,1.3375,1.33754,1.3369,1.34,1.33038,-0.0004187041107772682,0.022344916187446495,0.0011420881940123334,0.0006390431605538633,0.0030633570145749667,0.05156550683411612,-0.10233539264591897
38,2023-08-08,173363,1.3433,1.33713,1.3425,1.35021,1.3365,0.004188794973446042,0.026627309433500557,0.0014806111695049677,0.000737647377578646,0.0031392817846721717,0.10105231078162273,-0.10233539264591897
39,2023-08-09,157235,1.3423,1.34256,1.34191,1.34541,1.3403,-0.0004394785847300353,0.02617612871650543,0.0014150061952488751,0.0007058331623811141,0.003139757777021403,0.09819258485259955,-0.10233539264591897
40,2023-08-10,176078,1.341,1.34191,1.3444,1.3458,1.3371,0.0018555640840296483,0.02808026428484034,0.0020991674037469377,0.0007360892392666019,0.0030707110081543915,0.1383833076017488,-0.10233539264591897
41,2023-08-11,166022,1.3441,1.34442,1.3437,1.34945,1.32802,-0.0005206783695329564,0.027544965129083554,0.0014071395629791218,0.0007038644287845619,0.0029845191345852255,0.15367897453307308,-0.10233539264591897
42,2023-08-12,166022,1.3441,1.34442,1.3437,1.34945,1.32802,0.0,0.027544965129083554,0.0008679818512100507,0.0007038644287845619,0.0027656482412672725,0.18629268986718198,-0.10233539264591897
43,2023-08-13,3795,1.344,1.34302,1.3439,1.34452,1.34164,0.0001488427476372678,0.027697907745014128,0.0008256993182839539,0.0006899888867558795,0.0023084547301429523,0.13512509996319064,-0.10233539264591897
44,2023-08-14,164127,1.3457,1.34399,1.34588,1.348,1.34203,0.0014733239080286786,0.029212039642726007,0.0007261718169068593,0.0007090946189820454,0.002309202306859527,0.15726444755171207,-0.10233539264591897
45,2023-08-15,181462,1.3474,1.34589,1.34902,1.35014,1.34388,0.002333046036793851,0.031613238712834946,0.0009047133968943028,0.0007477601289299455,0.0023292787734718124,0.1887579322920532,-0.10233539264591897
46,2023-08-16,180869,1.3507,1.34902,1.35365,1.35447,1.3473,0.003432121095313656,0.03515386027162615,0.0013392035311343203,0.0008101871281481713,0.002328909958404743,0.24960329828034844,-0.10233539264591897
47,2023-08-17,179449,1.3527,1.35366,1.35452,1.35521,1.34921,0.0006427067558083532,0.03581916065092372,0.001457138071866056,0.0008063807560495392,0.0022344268972524584,0.2758083814886223,-0.10233539264591897
48,2023-08-18,184498,1.3547,1.35452,1.3566,1.35749,1.35198,0.0015355993266987777,0.037409763856600886,0.0011623385555608046,0.0008225856131750778,0.002225000318636528,0.2996229647882468,-0.10233539264591897
49,2023-08-19,184498,1.3547,1.35452,1.3566,1.35749,1.35198,0.0,0.037409763856600886,0.0013625656980971595,0.0008225856131750778,0.0022324556295285286,0.2928204455549893,-0.10233539264591897
50,2023-08-20,2495,1.3546,1.35402,1.35415,1.35495,1.35324,-0.001805985552115641,0.03553621681145214,0.0009048719935789984,0.0007654427617557142,0.002203823773163809,0.234845123652569,-0.10233539264591897
51,2023-08-21,97125,1.3538,1.35416,1.3546,1.3573,1.3493,0.0003323117822988664,0.03588033769729582,0.0010114957625579762,0.0007562272090013133,0.0021996115833799227,0.23950890320317503,-0.10233539264591897
52,2023-08-22,103728,1.3541,1.35461,1.35496,1.35644,1.3511,0.000265761110290752,0.03615563440597058,0.0009286363567505069,0.0007460091652781766,0.0021936783331236356,0.24427569225575757,-0.10233539264591897
53,2023-08-23,102168,1.3552,1.35495,1.35237,1.3604,1.3518,-0.0019114955423037427,0.03417502752967061,0.0006997098800903946,0.0006917743753275252,0.0020801625901229644,0.2411416748842284,-0.10233539264591897
54,2023-08-24,103812,1.3548,1.35235,1.35864,1.35884,1.3508,0.0046363051531754795,0.03896977853909189,0.0010511522406622615,0.0007706649908844843,0.0021907494682729257,0.3034874210804511,-0.10233539264591897
55,2023-08-25,101223,1.3599,1.35863,1.3606,1.36394,1.3567,0.00144261908967791,0.0404686161752108,0.0009522159132049346,0.0007838405614490612,0.0021914905728646636,0.31426971211834676,-0.10233539264591897
56,2023-08-26,101223,1.3599,1.35863,1.3606,1.36394,1.3567,0.0,0.0404686161752108,0.0006422277654413444,0.0007838405614490612,0.002196479165149955,0.3012016181037484,-0.10233539264591897
57,2023-08-27,3307,1.3594,1.35842,1.35946,1.36002,1.35729,-0.00083786564750854,0.039596843264406933,0.00045715621502673276,0.000752653903584492,0.0022148474719960176,0.27370318919793113,-0.10233539264591897
58,2023-08-28,162407,1.3594,1.3594,1.36002,1.36118,1.35479,0.0004119282656349643,0.040025082589012495,0.0003166973323937561,0.0007462251179628028,0.0022105816928270345,0.27911283196281655,-0.10233539264591897
59,2023-08-29,175911,1.3596,1.36004,1.35585,1.36372,1.35374,-0.003066131380420889,0.03683622904686157,-5.917252458564892e-05,0.0006756259235482899,0.002322244844504036,0.23313547694634368,-0.10233539264591897
60,2023-08-30,164812,1.3549,1.35585,1.35345,1.35749,1.34888,-0.001770107312755842,0.035000917655695574,-5.5186053545671264e-05,0.0006311580465245785,0.002172760417925008,0.2410266522359591,-0.10233539264591897
61,2023-08-31,166536,1.3533,1.35346,1.35103,1.3558,1.34991,-0.001788023199970512,0.03315031200293639,-0.00029077882935337997,0.0005879583814085947,0.0020211252588594104,0.15379451106890593,-0.10233539264591897
62,2023-09-01,154764,1.3542,1.35103,1.3568,1.3613,1.3488,0.004270815599949795,0.03756270647253146,0.0001542272250531804,0.0006525699115584404,0.001908811331506869,0.1728873277688158,-0.10233539264591897
63,2023-09-02,154764,1.3542,1.35103,1.3568,1.3613,1.3488,0.0,0.03756270647253146,0.0004124425709727958,0.0006525699115584404,0.0019114902394546907,0.16729220915715085,-0.10233539264591897
64,2023-09-03,1,1.3568,1.3568,1.3568,1.3568,1.3568,0.0,0.03756270647253146,-0.00019096636934187332,0.0006525699115584404,0.0018854160661859296,0.14409427293681848,-0.10233539264591897
65,2023-09-04,84746,1.3593,1.35907,1.35991,1.3605,1.3575,0.0022921580188679513,0.039940964150250835,-6.960366517186742e-05,0.000680838672029294,0.0019122001034530224,0.18322156147363267,-0.10233539264591897
66,2023-09-05,171095,1.363,1.3599,1.3637,1.36695,1.35809,0.0027869491363399224,0.042839226722133805,0.0002874654350171063,0.0007165354595599826,0.0019448408183629924,0.2354600003748746,-0.10233539264591897
67,2023-09-06,138375,1.3651,1.36395,1.3639,1.36757,1.35932,0.00014665982254169485,0.04299216933806438,0.00041053111877338566,0.0007070375322763445,0.001936854003110968,0.24179768676183117,-0.10233539264591897
68,2023-09-07,132309,1.366,1.36391,1.36826,1.36944,1.36122,0.003196715301708508,0.046326318365349506,0.0007586294982825786,0.0007478519219391668,0.0018823805268730798,0.25309647049079165,-0.10233539264591897
69,2023-09-08,131050,1.3649,1.36826,1.3656,1.36893,1.34861,-0.0019440749565141635,0.04429218157347381,0.0008988865512709193,0.0007044337464802422,0.0019314133685149198,0.22343122469309978,-0.10233539264591897
70,2023-09-09,1,1.3656,1.3656,1.3656,1.3656,1.3656,0.0,0.04429218157347381,0.0012801713889890281,0.0007044337464802422,0.0019190030917783543,0.2025243943644999,-0.10233539264591897
71,2023-09-10,4225,1.3631,1.36183,1.36285,1.3637,1.3613,-0.0020137668424136113,0.04218922060442942,0.0012479222972114426,0.0006612877053866889,0.001965807441841442,0.17351422623043364,-0.10233539264591897
72,2023-09-11,143161,1.3595,1.36283,1.35796,1.36353,1.35431,-0.003588069119858983,0.03844977364492874,0.00012522448009590268,0.0005948915049922253,0.0021001794909510487,0.11611762925399652,-0.10233539264591897
73,2023-09-12,139729,1.357,1.35795,1.35526,1.35928,1.35321,-0.0019882765324458207,0.03638504832986689,-0.00013896314647181274,0.0005551504582624092,0.0021431858662716635,0.08291376914681063,-0.10233539264591897
74,2023-09-13,188021,1.3556,1.35526,1.35523,1.35859,1.34994,-2.2135973909098716e-05,0.03636210693747732,-0.00012598234952040008,0.0005464036941385985,0.0021319032958484726,0.06115941221918441,-0.10233539264591897
75,2023-09-14,164531,1.3525,1.35524,1.35156,1.35539,1.34872,-0.0027080274196998877,0.03355560993515261,-0.0006815585093612711,0.0004978300954245912,0.002159163529470595,-0.014166828761967964,-0.10233539264591897
76,2023-09-15,173395,1.3516,1.35157,1.3534,1.35496,1.33245,0.0013613898014146475,0.03496268200171326,-0.0008399539910196349,0.0005105295028656214,0.0020794365754180327,-0.04166862573819717,-0.10233539264591897
77,2023-09-16,173395,1.3516,1.35157,1.3534,1.35496,1.33245,0.0,0.03496268200171326,-0.0009632807177148012,0.0005105295028656214,0.0020758510307072125,-0.05139024873512763,-0.10233539264591897
78,2023-09-17,2278,1.3523,1.35047,1.3522,1.3526,1.35039,-0.0008866558297619953,0.034045026306130266,-0.001473702109148614,0.0004902804400739168,0.0020600852787282975,-0.08888274761448671,-0.10233539264591897
79,2023-09-18,138533,1.3501,1.3522,1.34866,1.35278,1.347,-0.002617955923679971,0.0313379420041604,-0.00155793723004434,0.0004458770634488613,0.0021102671618221207,-0.1303368397420261,-0.10233539264591897
80,2023-09-19,163522,1.3443,1.34866,1.34428,1.3488,1.33729,-0.0032476680556997595,0.027988498715282306,-0.0017456850995616088,0.00039385530120733146,0.0021639854084998167,-0.15307959423310172,-0.10233539264591897
81,2023-09-20,184788,1.3438,1.344,1.34773,1.3478,1.3393,0.0025664296128784514,0.0306267588400837,-0.0012367743823069352,0.0004240299444249859,0.002222077543151696,-0.11959858708020359,-0.10233539264591897
82,2023-09-21,181141,1.349,1.34771,1.34765,1.35236,1.343,-5.935907043697064e-05,0.030565581793711383,-0.0008446954879267116,0.0004174081770981098,0.002220686100080179,-0.12450619850106029,-0.10233539264591897
83,2023-09-22,149764,1.3463,1.34764,1.3489,1.3504,1.33424,0.0009275405335213982,0.031521473143277134,-0.0005207158139303539,0.0004243018575903164,0.002204697586628766,-0.07974577308658254,-0.10233539264591897
84,2023-09-23,149764,1.3463,1.34764,1.3489,1.3504,1.33424,0.0,0.031521473143277134,-0.0005830382939330109,0.0004243018575903164,0.0020169619415668903,-0.1504432286437341,-0.10233539264591897
85,2023-09-24,5596,1.3475,1.34572,1.34771,1.34806,1.34511,-0.000882200311364878,0.03061146457849051,-0.00035480990539113466,0.0004068818286709138,0.001994709133687045,-0.18730432215927925,-0.10233539264591897
86,2023-09-25,153513,1.3473,1.34772,1.34503,1.3492,1.3446,-0.001988558369382165,0.028562033525021846,-0.0007735534267407362,0.0003753628786965312,0.0020167876614818753,-0.22032969369715,-0.10233539264591897
87,2023-09-26,189799,1.3494,1.34504,1.35195,1.3528,1.3447,0.005144866657249336,0.03385384803621738,-0.00011595119518628374,0.00043730448621020395,0.0022521729721097865,-0.1315438962004752,-0.10233539264591897
88,2023-09-27,179970,1.3517,1.35191,1.35002,1.3543,1.3489,-0.0014275675875586868,0.032377951792488036,-0.00017605250160813835,0.0004133958698798336,0.0022604655042733775,-0.1587675561650722,-0.10233539264591897
89,2023-09-28,195907,1.3493,1.34997,1.34907,1.35163,1.33724,-0.0007036932786180783,0.031651474366818144,3.664334784318305e-05,0.0003992555009115056,0.002199058778381883,-0.1255174332704543,-0.10233539264591897
90,2023-09-29,182175,1.3492,1.34908,1.3588,1.3588,1.34143,0.007212375933050241,0.039092132631837195,0.0011988704577042943,0.00048441950631323975,0.00255555722793841,-0.004017418661337935,-0.10233539264591897
91,2023-09-30,182175,1.3492,1.34908,1.3588,1.3588,1.34143,0.0,0.039092132631837195,0.0010279255633075246,0.00048441950631323975,0.0025298913468299244,0.025860544911149017,-0.10233539264591897
92,2023-10-01,3815,1.3574,1.3554,1.35733,1.35811,1.3551,-0.0010818369149250273,0.0379680044047479,0.0009001158327465175,0.00046508300728560683,0.002418786224865711,-0.0631970902293194,-0.10233539264591897
93,2023-10-02,176991,1.3628,1.35725,1.36758,1.3685,1.3559,0.007551590254396556,0.04580631347118613,0.0017281220478559123,0.0005515038273723258,0.002782653502555495,0.027903622481890954,-0.10233539264591897
94,2023-10-03,195694,1.3706,1.36758,1.37092,1.3736,1.3673,0.002442270287661419,0.048360455157225646,0.0018074718522787464,0.0005742841461709895,0.002810145436882583,0.05755574825138674,-0.10233539264591897
95,2023-10-04,209724,1.3725,1.37094,1.3743,1.37795,1.36727,0.0024654976220348512,0.050945185366451096,0.0021794382893231606,0.0005967985923122259,0.0028144535322479815,0.04745497495923394,-0.10233539264591897
96,2023-10-05,186534,1.3738,1.37441,1.37056,1.37856,1.36996,-0.0027213854325839337,0.04808515844855066,0.0020980130600785196,0.0005577611331958006,0.0028299440367991206,-0.031737387996087094,-0.10233539264591897
97,2023-10-06,192095,1.3698,1.37057,1.368,1.37447,1.35363,-0.0018678496381040466,0.04612749296464025,0.0013188223605948106,0.0005295563567853372,0.002854340348611836,-0.055425469776193094,-0.10233539264591897
98,2023-10-07,192095,1.3698,1.37057,1.368,1.37447,1.35363,0.0,0.04612749296464025,0.0016621211041139977,0.0005295563567853372,0.0027939325559313,-0.1113554229405466,-0.10233539264591897
99,2023-10-08,7491,1.3667,1.36734,1.3662,1.36789,1.36481,-0.0013157894736842701,0.04475100942126575,0.0015856090797307237,0.0005083454851707441,0.0027812032954514583,-0.09295501816119785,-0.10233539264591897
100,2023-10-09,172480,1.3637,1.36619,1.3578,1.36761,1.35665,-0.0061484409310497146,0.03832741955218455,-8.449302828177074e-05,0.0004327001849864206,0.003000498790153675,-0.1605252491054975,-0.10233539264591897
101,2023-10-10,198238,1.359,1.35802,1.35837,1.3617,1.3567,0.0004197967300045846,0.038763306007586706,-2.8460832916620147e-05,0.0002869611644230456,0.0029822373563824565,-0.12100856940891333,-0.10233539264591897
102,2023-10-11,162653,1.3596,1.35838,1.35956,1.36236,1.35436,0.0008760499716571335,0.03967331457237311,0.00018908215448139773,0.0002989745967767819,0.002913044033448895,-0.053515984786383294,-0.10233539264591897
103,2023-10-12,168961,1.3629,1.35958,1.36844,1.37006,1.35697,0.006531524905116326,0.04646396671968733,7.574156011692768e-05,0.0003941265053669311,0.0031163547101961194,0.047840625319389325,-0.10233539264591897
104,2023-10-13,169520,1.3669,1.36845,1.3666,1.36887,1.35875,-0.0013445967671217307,0.04505689465312668,-0.0003450214459700889,0.0003258237977540336,0.003130788579588351,0.03445605810641227,-0.10233539264591897
105,2023-10-14,169520,1.3669,1.36845,1.3666,1.36887,1.35875,0.0,0.04505689465312668,-0.0006963363294707064,0.0002605249934428741,0.0030801996968535545,0.07680429995709599,-0.10233539264591897
106,2023-10-15,4161,1.3647,1.36418,1.36433,1.3662,1.36389,-0.0016610566369090751,0.043320995962315534,-0.0005637952300113491,0.0003013775742677794,0.003096162360269636,0.03771576500659758,-0.10233539264591897
107,2023-10-16,162136,1.3629,1.36432,1.3614,1.36554,1.3604,-0.002147574267222785,0.04108038663893354,-0.0005987608086511914,0.0002801510308150707,0.003127356376235299,0.015458893919337432,-0.10233539264591897
108,2023-10-17,170703,1.364,1.36149,1.36528,1.3703,1.3607,0.002850007345379879,0.044047473387985425,-0.00021556434709218357,0.0003240658462397722,0.0031568085630881326,0.060558651357999,-0.10233539264591897
109,2023-10-18,158481,1.3663,1.36528,1.37125,1.3717,1.3615,0.004372729403492315,0.04861281047351085,0.00041649330592743696,0.00037874194395084385,0.0031898624754474816,0.14823245874612886,-0.10233539264591897
110,2023-10-19,164218,1.3719,1.37124,1.37155,1.37406,1.3677,0.0002187784867822007,0.04884222439740671,0.001123962130130983,0.0004196198880747798,0.0031089832965529563,0.20115337247841505,-0.10233539264591897
111,2023-10-20,145853,1.3701,1.37159,1.3728,1.3734,1.36662,0.0009113776384381822,0.04979811574697224,0.0011785822310680495,0.0004698036546359787,0.003088869575381937,0.17298328871133198,-0.10233539264591897
112,2023-10-21,145853,1.3701,1.37159,1.3728,1.3734,1.36662,0.0,0.04979811574697224,0.001216398763494414,0.0005375383707512245,0.0030884389376894944,0.17436901168962704,-0.10233539264591897
113,2023-10-22,2167,1.3706,1.37129,1.37053,1.37143,1.3701,-0.0016535547785547777,0.048062217056161094,0.00019326380303552604,0.00041491161546409284,0.003115442208788311,0.14317174674447905,-0.10233539264591897
114,2023-10-23,150999,1.3704,1.37052,1.36887,1.37365,1.3665,-0.0012112102617235498,0.046792793343938044,0.00020993711621029865,0.00040434365909591173,0.003130427819897633,0.1309641221650901,-0.10233539264591897
115,2023-10-24,150464,1.3707,1.36886,1.3741,1.37543,1.3659,0.0038206696033955545,0.050792242750520744,0.0006111296147864382,0.0004470115761881938,0.00317651178016935,0.18652868576142964,-0.10233539264591897
116,2023-10-25,156072,1.377,1.37418,1.38025,1.381,1.37111,0.0044756567935375635,0.05549522819038377,0.0012929866626138426,0.0005216470666737593,0.0032103186707370386,0.2665878224832637,-0.10233539264591897
117,2023-10-26,163933,1.3817,1.38026,1.3815,1.3846,1.3787,0.0009056330374932475,0.056451119539949524,0.0016322319186934016,0.0005630062187744071,0.0031071672437139363,0.20063437808563978,-0.10233539264591897
118,2023-10-27,144284,1.3836,1.38162,1.3879,1.38806,1.3793,0.004632645674990998,0.06134528324972566,0.0018303028442057483,0.0006198769247563579,0.003158918752012983,0.2710618906922716,-0.10233539264591897
119,2023-10-28,144284,1.3836,1.38162,1.3879,1.38806,1.3793,0.0,0.06134528324972566,0.0015124995242949274,0.0006173380402649417,0.0031489845372107126,0.28226485381232896,-0.10233539264591897
120,2023-10-29,2453,1.3868,1.38447,1.38634,1.38726,1.38447,-0.0011240002882052513,0.06015233084546767,0.001344652177421496,0.0005549084793222169,0.0029381740496247553,0.17563800637139773,-0.10233539264591897
121,2023-10-30,129647,1.3841,1.38633,1.383,1.38663,1.37573,-0.002409221403118944,0.05759818915942838,0.0009295772972268551,0.0005274540099151116,0.0029896830104697955,0.1490142005392413,-0.10233539264591897
122,2023-10-31,142201,1.3853,1.38293,1.38781,1.3892,1.3811,0.0034779464931309345,0.061276459072556966,0.0012127294301050862,0.0005709502266844732,0.0030173830282926666,0.20266493583172565,-0.10233539264591897
123,2023-11-01,155116,1.3875,1.3877,1.38344,1.38987,1.38321,-0.003148846023591112,0.057934662914475465,0.0010465859584343823,0.0005787395119014043,0.0028103708420990038,0.07487056258296422,-0.10233539264591897
124,2023-11-02,134921,1.38,1.3834,1.37471,1.38517,1.3734,-0.0063103567917653924,0.05125871772910906,0.0004800141217630665,0.0004932485083116605,0.0030351151972579727,-0.023299848851727475,-0.10233539264591897
125,2023-11-03,133420,1.3709,1.37469,1.3669,1.37599,1.34155,-0.005681198216351158,0.04528630857702276,-0.0005757489693199015,0.00041088792588098134,0.0031769799856270343,-0.11194969845236233,-0.10233539264591897
126,2023-11-04,133420,1.3709,1.37469,1.3669,1.37599,1.34155,0.0,0.04528630857702276,-0.0012071746896770846,0.0003974778844661464,0.0031404092943612466,-0.07975845831532109,-0.10233539264591897
127,2023-11-05,1348,1.3659,1.36491,1.36606,1.36711,1.36455,-0.0006145292267173419,0.04464394959011475,-0.0013971949727034083,0.00036945812659114607,0.0031241596712853702,-0.06438391404676021,-0.10233539264591897
128,2023-11-06,127813,1.3662,1.366,1.3696,1.3705,1.3627,0.0025913942286575065,0.047351033892084615,-0.0016523514034950948,0.0003955985513213385,0.003160985368032502,-0.03689454288237152,-0.10233539264591897
129,2023-11-07,136882,1.3743,1.36975,1.3767,1.37824,1.3692,0.005183995327102897,0.052780496757617534,-0.0008927573223175402,0.00045481065889225737,0.0032849079249338015,0.03169523118459964,-0.10233539264591897
130,2023-11-08,139379,1.3786,1.37685,1.37902,1.3815,1.3752,0.001685189220599792,0.05455463110241121,-0.0005806251546725353,0.0005252468472811127,0.0030616560370795433,0.11837316755952018,-0.10233539264591897
131,2023-11-09,145321,1.3787,1.37903,1.3807,1.38164,1.3744,0.001218256442981236,0.05583934907622745,-0.0001775720606614042,0.0004724313678176286,0.0030642102427114373,0.12696858597470906,-0.10233539264591897
132,2023-11-10,127028,1.3812,1.38086,1.3797,1.38546,1.37165,-0.0007242702976751891,0.055074635996574806,-0.0006444850374176401,0.00039661170246695944,0.0030722250980600844,0.10915542313412328,-0.10233539264591897
133,2023-11-11,127028,1.3812,1.38086,1.3797,1.38546,1.37165,0.0,0.055074635996574806,-0.0003314399141459562,0.0003955344249838751,0.0028533090399554453,0.03917687761859999,-0.10233539264591897
134,2023-11-12,1816,1.3795,1.37941,1.37971,1.38014,1.37812,7.2479524535484785e-06,0.0550822831273714,0.0004582606788814114,0.0003686023301434955,0.0028374449865513165,0.053448753963513465,-0.10233539264591897
135,2023-11-13,110525,1.3806,1.3797,1.38008,1.38315,1.37539,0.0002681722970769851,0.055365226966842984,0.0012019319930599293,0.00036742080034271303,0.002836817313492638,0.05649093704076453,-0.10233539264591897
136,2023-11-14,127687,1.3767,1.38009,1.36994,1.3844,1.36268,-0.007347400150715888,0.04761103633916641,0.00025200619930706064,0.0002866077410736614,0.00314747646943684,-0.003418114888738932,-0.10233539264591897
137,2023-11-15,129130,1.3682,1.36992,1.36834,1.37099,1.3653,-0.0011679343620888405,0.04638749541172249,0.00019051673982133858,0.0002777932675288194,0.0031279289028081823,0.007026011430859972,-0.10233539264591897
138,2023-11-16,137354,1.3725,1.36833,1.3751,1.37768,1.3675,0.004940292617332087,0.05155695583017361,0.0004515054496740698,0.00028663441628041993,0.003211746350807561,0.02822660802074898,-0.10233539264591897
139,2023-11-17,132401,1.3733,1.37521,1.3719,1.37708,1.35484,-0.002327103483383053,0.049109873975285545,-0.0003830610848243691,0.0002644270645315609,0.0031470341757762806,-0.04213273733511449,-0.10233539264591897
140,2023-11-18,132401,1.3733,1.37521,1.3719,1.37708,1.35484,0.0,0.049109873975285545,-0.0006415923730023892,0.00024548495715658367,0.003146812551492232,-0.04446327763424253,-0.10233539264591897
141,2023-11-19,1814,1.3715,1.37071,1.37206,1.37206,1.3704,0.00011662657628108697,0.04923222806802996,-0.0007792961063399079,0.00025307192079722704,0.0031423334102922904,-0.0530396572439572,-0.10233539264591897
142,2023-11-20,127902,1.3717,1.37205,1.3726,1.37494,1.3687,0.0003935687943674715,0.04964517313104211,-0.0006395662198345753,0.0002547248251921711,0.003143211839279817,-0.048843851864190865,-0.10233539264591897
143,2023-11-21,143539,1.3707,1.3726,1.36992,1.37311,1.3679,-0.0019524989071834087,0.047595742077573444,-0.0007854476295400012,0.00023000315866486903,0.003149102896599393,-0.05180565779600492,-0.10233539264591897
144,2023-11-22,142716,1.3717,1.3698,1.369,1.37655,1.36796,-0.0006715720626022659,0.04689220604429312,-0.0008608720756573139,0.00020476908842215202,0.0031435414517943954,-0.04602445563905462,-0.10233539264591897
145,2023-11-23,96861,1.3686,1.36925,1.36957,1.37111,1.3648,0.0004163623082542589,0.04732809249969505,-0.000844406518859839,0.00018221986808639211,0.003061537598715403,-0.08163035047417318,-0.10233539264591897
146,2023-11-24,109835,1.3659,1.36958,1.3643,1.3712,1.35472,-0.0038479230707447742,0.043298054569926414,-0.000455575732196382,9.657228966217529e-05,0.0030087583161136516,-0.1708137626533371,-0.10233539264591897
147,2023-11-25,109835,1.3659,1.36958,1.3643,1.3712,1.35472,0.0,0.043298054569926414,-0.00036653090345982464,9.007068887472079e-05,0.002999913649180497,-0.18057428121322333,-0.10233539264591897
148,2023-11-26,1313,1.3629,1.36057,1.36306,1.36379,1.36057,-0.0009088910063770328,0.04234981035115726,-0.0010976788564234646,6.096961348096114e-05,0.0028451217590215626,-0.2402436302523833,-0.10233539264591897
149,2023-11-27,123094,1.3638,1.36312,1.3604,1.36607,1.3597,-0.0019514914970726327,0.040315673559281784,-0.0010507273581346621,3.729360041562474e-05,0.002853277839092185,-0.2631705592280211,-0.10233539264591897
150,2023-11-28,136331,1.3589,1.36053,1.3563,1.36134,1.3557,-0.003013819464863232,0.03718034993270658,-0.0012688487033267254,2.308378967741779e-05,0.0028844987061359805,-0.28527140288135233,-0.10233539264591897
151,2023-11-29,139825,1.3575,1.35656,1.35921,1.36145,1.3539,0.0021455430214554205,0.03940566499449538,-0.0010434135427517994,4.441592190278901e-05,0.002912577010034643,-0.23388960167582634,-0.10233539264591897
152,2023-11-30,148230,1.3586,1.3592,1.3555,1.36265,1.34957,-0.002729526710368635,0.03656857946898451,-0.0013904241543891446,9.177241659737401e-06,0.002834226165275793,-0.30449653197018084,-0.10233539264591897
153,2023-12-01,139263,1.352,1.35565,1.3495,1.35569,1.34327,-0.0044264109184802836,0.0319803009910693,-0.001665303266755464,-2.040999805998661e-05,0.002880254779659666,-0.31834192004763356,-0.10233539264591897
154,2023-12-02,139263,1.352,1.35565,1.3495,1.35569,1.34327,0.0,0.0319803009910693,-0.0017895196672746139,-7.584708319374216e-05,0.0026898707853076752,-0.24920340335330107,-0.10233539264591897
155,2023-12-03,2598,1.3489,1.34967,1.34892,1.35031,1.34794,-0.00042978881067068375,0.03153676740487077,-0.0018952885571402317,-9.813765343598732e-05,0.0025138046667826674,-0.19561919132505562,-0.10233539264591897
156,2023-12-04,139919,1.3533,1.34886,1.3538,1.35619,1.34861,0.0036177089820004227,0.03526856723357508,-0.0009620845505470821,-5.442181066614721e-05,0.002620077942297309,-0.1498409979106165,-0.10233539264591897
157,2023-12-05,138359,1.3569,1.35393,1.35918,1.35943,1.3534,0.003973999113606297,0.03938272360210582,-0.0004136308100855955,2.1883629940273468e-06,0.0027336190860707725,-0.09500472592759548,-0.10233539264591897
158,2023-12-06,132419,1.3574,1.35918,1.35918,1.3597,1.3548,0.0,0.03938272360210582,-0.0003517232855491659,-2.6894929897933316e-06,0.002684019617647972,-0.12255140805699796,-0.10233539264591897
159,2023-12-07,133751,1.3597,1.359,1.35964,1.36193,1.35644,0.0003384393531393748,0.03973449161874587,-6.548192927266494e-05,3.7841110981162187e-05,0.0024840175781672908,-0.17099779902506276,-0.10233539264591897
160,2023-12-08,135212,1.3584,1.3595,1.3592,1.361,1.34359,-0.00032361507457856487,0.03939801786369879,0.00027079361951291847,5.5061256673748824e-05,0.0024523932668546293,-0.194060964503991,-0.10233539264591897
161,2023-12-09,135212,1.3584,1.3595,1.3592,1.361,1.34359,0.0,0.03939801786369879,2.9722763782753196e-06,7.72670935007881e-05,0.0024333228132345135,-0.2076443423780317,-0.10233539264591897
162,2023-12-10,1574,1.3583,1.35647,1.35808,1.35904,1.35647,-0.0008240141259564515,0.038541539214487885,0.0002751883598657301,1.5883602827218868e-05,0.002433679459266502,-0.2114062799847238,-0.10233539264591897
163,2023-12-11,123964,1.3581,1.35809,1.35784,1.3605,1.35465,-0.00017672007540059376,0.03835800807537115,0.0008822870517342572,1.3590701895935386e-05,0.0024325823522500104,-0.21406486439791214,-0.10233539264591897
164,2023-12-12,124217,1.3581,1.3576,1.3585,1.36184,1.35391,0.00048606610499035696,0.038862718707942,0.0008327594333912697,1.9149236049987403e-05,0.0024377897587567064,-0.2077296618623555,-0.10233539264591897
165,2023-12-13,129801,1.3566,1.3585,1.35097,1.36081,1.34744,-0.0055428781744572,0.03310442921815837,0.00019362326291795517,-7.30276603420732e-05,0.0025990778234125647,-0.28209458823327915,-0.10233539264591897
166,2023-12-14,146643,1.3444,1.35099,1.34043,1.35099,1.3392,-0.007801801668430808,0.025044353358620874,-0.0012338155683859486,-0.00019760119922172884,0.002640110264079795,-0.3030242087129974,-0.10233539264591897
167,2023-12-15,131473,1.3383,1.34039,1.3395,1.34143,1.33005,-0.0006938072111188909,0.02433317019454395,-0.001817291358976597,-0.00020748904667655926,0.0026387690540576156,-0.2995739164459824,-0.10233539264591897
168,2023-12-16,131473,1.3383,1.34039,1.3395,1.34143,1.33005,0.0,0.02433317019454395,-0.001817291358976597,-0.00024801528891923866,0.002419246546808499,-0.3512458997487784,-0.10233539264591897
169,2023-12-17,1654,1.3373,1.3359,1.33812,1.33812,1.3354,-0.0010302351623739936,0.02327786614462357,-0.001988375673415768,-0.0002371362437509033,0.0024038706199111756,-0.3412671567450254,-0.10233539264591897
170,2023-12-18,113470,1.3381,1.33816,1.33977,1.34089,1.3347,0.0012330732669714184,0.024539642726050026,-0.0017937896307220202,-0.00021983966127181714,0.0024289256068448467,-0.32471233931240834,-0.10233539264591897
171,2023-12-19,112054,1.3366,1.3398,1.3336,1.34001,1.32884,-0.0046052680683997815,0.01982136302459403,-0.002106176123797327,-0.0002503279109893015,0.0025196615917857947,-0.3871814269451491,-0.10233539264591897
172,2023-12-20,115954,1.3338,1.33384,1.33592,1.3373,1.331,0.0017396520695862616,0.02159549736938815,-0.001821324324292581,-0.00018764883817229863,0.0025560282726073335,-0.36895402854719295,-0.10233539264591897
173,2023-12-21,132791,1.3327,1.33581,1.32839,1.33596,1.32138,-0.0056365650637763,0.015837207879604742,-0.0024279737674454374,-0.00023056987971736308,0.002693191118792949,-0.4182601233389943,-0.10233539264591897
174,2023-12-22,117761,1.3269,1.32839,1.3295,1.3295,1.207,0.0008355979795089397,0.016686039398019048,-0.002389136892498928,-0.00022047889203009204,0.0027139332413982096,-0.4010727771041391,-0.10233539264591897
175,2023-12-23,117761,1.3269,1.32839,1.3295,1.3295,1.207,0.0,0.016686039398019048,-0.0019949192322541442,-0.0001908652190816421,0.002707646473614849,-0.40577296412591374,-0.10233539264591897
176,2023-12-24,12,1.3258,1.32642,1.32568,1.32642,1.32558,-0.0028732606242948266,0.013764835433746514,-0.0013788516017371466,-0.00024127772414961202,0.002677802372978847,-0.39906973921765587,-0.10233539264591897
177,2023-12-25,56596,1.3248,1.32592,1.32517,1.3304,1.31449,-0.0003847082252127487,0.013374831763123707,-0.0013402142284988788,-0.00024296514180917835,0.0026739983530831195,-0.4040242708602178,-0.10233539264591897
178,2023-12-26,85045,1.3228,1.32516,1.31949,1.32618,1.31795,-0.0042862425198275655,0.00903126147069755,-0.0016675507053131773,-0.0002829602793393615,0.002741744145865964,-0.44553845742756776,-0.10233539264591897
179,2023-12-27,101776,1.32,1.31965,1.32045,1.32193,1.3175,0.000727553827615024,0.009765386027163814,-0.0014722408175366199,-0.00024360134108883217,0.0027559280776279934,-0.41398875903556037,-0.10233539264591897
180,2023-12-28,116482,1.3208,1.32045,1.3228,1.3239,1.31546,0.0017796963156500034,0.011562461764347276,-0.0014115049232389992,-0.00018445587789648203,0.00277341088842217,-0.35782530605525226,-0.10233539264591897
181,2023-12-29,112236,1.3231,1.32301,1.30958,1.32652,1.30048,-0.009993952222558167,0.001452954851341115,-0.0020102476070343756,-0.0003322250759604422,0.0031801347627865967,-0.48702124790129014,-0.10233539264591897
182,2023-12-30,112236,1.3231,1.32301,1.30958,1.32652,1.30048,0.0,0.001452954851341115,-0.002478985066611955,-0.0003354734807881026,0.003174920815383655,-0.45477124165004107,-0.10233539264591897
183,2023-12-31,1,1.3239,1.32392,1.32392,1.32392,1.32392,0.010950075596756204,0.012418940413558177,-0.00040565498404539213,-0.00021615758717816446,0.0038052218699615396,-0.3072926900379705,-0.10233539264591897
184,2024-01-01,11521,1.3229,1.3249,1.32441,1.3325,1.28984,0.0003701129977642381,0.012793649822588016,-0.0004638406067634798,-0.00020926028617884206,0.003807936217306134,-0.30362603910495267,-0.10233539264591897
185,2024-01-02,127946,1.3285,1.32443,1.33214,1.3334,1.3226,0.0058365611857356114,0.018704881928301997,0.00023620403684753032,-0.00013021603327177748,0.0039863238034328185,-0.2485475390312724,-0.10233539264591897
186,2024-01-03,138780,1.3343,1.33213,1.33481,1.3372,1.3315,0.002004293842989391,0.020746665850974066,0.0007781545332124434,-8.324130136152388e-05,0.003940741288398778,-0.27711925193451775,-0.10233539264591897
187,2024-01-04,126272,1.3343,1.33483,1.33557,1.3366,1.3315,0.0005693694233634972,0.021327847791509758,0.0008841631608320263,-0.00013707068058371023,0.0038566755987021833,-0.32023999216408444,-0.10233539264591897
188,2024-01-05,131531,1.3353,1.3356,1.3365,1.33985,1.32626,0.0006963319032324833,0.02203903095558668,0.0014377825411720317,-0.00011208362775087293,0.003862357648044249,-0.313785984565885,-0.10233539264591897
189,2024-01-06,131531,1.3353,1.3356,1.3365,1.33985,1.32626,0.0,0.02203903095558668,0.0015265611303666576,-0.00010504065571673953,0.0038601561151450237,-0.3177663750171015,-0.10233539264591897
190,2024-01-07,1346,1.336,1.33433,1.33598,1.33652,1.33393,-0.00038907594463155615,0.021641380154167278,0.0012554645978314627,-0.00019553413045104664,0.0038600335656911408,-0.3161461775089457,-0.10233539264591897
191,2024-01-08,120256,1.3373,1.33595,1.33509,1.34051,1.33398,-0.0006661776373896311,0.020960785513276736,0.0024214364209775296,-0.00020107111288561824,0.003858575145338473,-0.3213075835596545,-0.10233539264591897
192,2024-01-09,116886,1.3375,1.33509,1.33894,1.34149,1.3338,0.002883700724295668,0.023904930869938834,0.0024727991213462116,-0.00015441772889478652,0.003909833780363025,-0.28482970270420643,-0.10233539264591897
193,2024-01-10,111876,1.338,1.33892,1.33796,1.33943,1.3363,-0.0007319222668678016,0.02315551205187938,0.0011747993587213222,-0.00025187081738024954,0.0039097331419121785,-0.2880410084660972,-0.10233539264591897
194,2024-01-11,97775,1.3389,1.33796,1.33783,1.34427,1.33271,-9.716284492811145e-05,0.02305609935152453,0.0011228798206443945,-0.00028174650129306753,0.003906190983855338,-0.2949134558393733,-0.10233539264591897
195,2024-01-12,124816,1.3377,1.33782,1.33591,1.3412,1.3341,-0.001435159923159235,0.021587850238591555,0.00031491080854496715,-0.0003276365900600568,0.003793834758913113,-0.2359615065659551,-0.10233539264591897
196,2024-01-13,124816,1.3377,1.33782,1.33591,1.3412,1.3341,0.0,0.021587850238591555,0.00010373792923941416,-0.00029913958003001064,0.0035244280757968072,-0.1370864132486771,-0.10233539264591897
197,2024-01-14,2046,1.3404,1.33885,1.34064,1.34119,1.33885,0.0035406576790353306,0.025204943105348043,0.00047514896119839334,-0.00023475258815930378,0.00358438209547265,-0.09500450075733569,-0.10233539264591897
198,2024-01-15,89632,1.3414,1.34065,1.34357,1.34484,1.338,0.002185523332139727,0.027445552428729814,0.0006612978898117988,-0.00020627875380284459,0.0036058011958444267,-0.07426887204343788,-0.10233539264591897
199,2024-01-16,132086,1.3479,1.34358,1.3488,1.3502,1.3433,0.0038926144525406325,0.031445001835312514,0.001020333063448336,-0.0001450034134943163,0.003663792698866621,-0.024008565969238727,-0.10233539264591897
200,2024-01-17,129555,1.3515,1.34893,1.35014,1.35418,1.3394,0.000993475682087741,0.032469717362046735,0.001173949910861591,-6.0980865104463904e-05,0.0036618849891463788,-0.0313452162788292,-0.10233539264591897
201,2024-01-18,123643,1.3499,1.35013,1.3485,1.35277,1.34741,-0.0012146888470824235,0.031215587911416653,0.0011130042208957252,-8.021010718784046e-05,0.003557262722653034,0.018649616900901594,-0.10233539264591897
202,2024-01-19,120476,1.3472,1.34849,1.34124,1.3502,1.34045,-0.00538375973303673,0.02566377095313932,0.0001943975034143477,-0.0001538549272430624,0.003698093719017506,-0.05209221176519887,-0.10233539264591897
203,2024-01-20,120476,1.3472,1.34849,1.34124,1.3502,1.34045,0.0,0.02566377095313932,0.0003101874746996164,-0.00023344278239019798,0.003534085611559123,0.01801639256116893,-0.10233539264591897
204,2024-01-21,2492,1.3432,1.34244,1.34316,1.34379,1.34181,0.0014315111389460178,0.02713202006607207,0.0005012717226838825,-0.0002003938787465343,0.003538714600735769,0.02157341879637061,-0.10233539264591897
205,2024-01-22,107475,1.3442,1.34319,1.34779,1.3487,1.3413,0.0034470949105096516,0.030672641624863273,0.0011115535768924933,-0.00015748224593175564,0.003582754150103998,0.0539973322261477,-0.10233539264591897
206,2024-01-23,108900,1.3474,1.3478,1.3456,1.3492,1.3451,-0.0016248822145884523,0.028997919980424225,0.0008075051556168327,-0.0001570566644926895,0.0035497813662292176,0.07486437141641743,-0.10233539264591897
207,2024-01-24,117089,1.3472,1.34562,1.35253,1.35283,1.3428,0.005150118906064316,0.034297381622416356,0.0009863341808422756,-7.120145068931184e-05,0.0036445993542906867,0.1271522049094282,-0.10233539264591897
208,2024-01-25,117940,1.3504,1.35254,1.34793,1.35344,1.34449,-0.0034010336184778778,0.03077970145601494,0.0003656056307736528,-0.00014474310908763838,0.003606322380583154,0.14816916279031547,-0.10233539264591897
209,2024-01-26,109633,1.3454,1.34797,1.33707,1.34829,1.33196,-0.008056798201687143,0.022474917410988615,-0.0009621068863627667,-0.0002909728456191614,0.003946080132919283,0.07173981825998235,-0.10233539264591897
210,2024-01-27,109633,1.3454,1.34797,1.33707,1.34829,1.33196,0.0,0.022474917410988615,-0.0012065547074190802,-0.0002970413138620348,0.003938375084310115,0.05076687002183526,-0.10233539264591897
211,2024-01-28,1266,1.3451,1.34522,1.34555,1.34556,1.3444,0.006342225911881938,0.028959684326441915,-0.00026194036254853503,-0.0002323883582257996,0.003568682564682251,0.2148943660478862,-0.10233539264591897
212,2024-01-29,98940,1.344,1.34555,1.34114,1.34652,1.33994,-0.003277470179480546,0.025587299645174255,1.3458316459880049e-06,-0.0002682128502405613,0.003646805783458701,0.18509627559235653,-0.10233539264591897
213,2024-01-30,107324,1.3412,1.34111,1.34013,1.34463,1.3355,-0.0007530906542194682,0.024814939434725236,-8.24804445612849e-05,-0.0002576191546601459,0.0031101130247281825,0.08087371509872547,-0.10233539264591897
214,2024-01-31,135525,1.3407,1.34015,1.34317,1.34462,1.33512,0.002268436644206062,0.02713966719686889,1.0511278245386694e-05,-0.0002166821322374446,0.0031285217230827703,0.10158030027246588,-0.10233539264591897
215,2024-02-01,52581,1.3391,1.3432,1.33844,1.34357,1.33613,-0.003521519986301014,0.023522574330112622,-0.0007637792658446872,-0.0003030608332926983,0.003040666815138215,0.013865675979921322,-0.10233539264591897
216,2024-02-02,121945,1.3418,1.3384,1.34292,1.34754,1.3363,0.003347180299452912,0.026948488926955783,-0.00021132787539564676,-0.00031633702734075306,0.003078377665991062,0.032878091641252584,-0.10233539264591897
217,2024-02-03,121945,1.3418,1.3384,1.34292,1.34754,1.3363,0.0,0.026948488926955783,-0.0008815087230781421,-0.0003308842900173483,0.0030778185484555826,0.027700457112550432,-0.10233539264591897
218,2024-02-04,2119,1.3467,1.34598,1.34701,1.34748,1.34567,0.003045602120751889,0.030076165422734613,-7.567925567442124e-05,-0.000349777665663052,0.0031207964025701963,0.05398052155782534,-0.10233539264591897
219,2024-02-05,111087,1.3503,1.34696,1.35433,1.3547,1.3464,0.005434258097564149,0.03567386516579085,0.0016107027817319902,-0.00028173018609567316,0.003259464551575081,0.10936798367950037,-0.10233539264591897
220,2024-02-06,121777,1.3514,1.35432,1.34892,1.35434,1.34561,-0.003994595113451016,0.03153676740487055,0.000987891904489434,-0.0003155018899220939,0.0033563861006093653,0.07290425749514996,-0.10233539264591897
221,2024-02-07,122992,1.3474,1.34897,1.34622,1.3493,1.3453,-0.0020016012810247785,0.029472042089808692,6.079999416646547e-05,-0.0003107063590739273,0.003378790423783773,0.058768590963032025,-0.10233539264591897
222,2024-02-08,116903,1.3465,1.34621,1.34598,1.34928,1.34188,-0.00017827695324690307,0.02928851095069196,0.0004051547970813147,-0.00035372075256072535,0.0033435619080825728,0.03223687678904992,-0.10233539264591897
223,2024-02-09,111523,1.3456,1.3458,1.33921,1.3482,1.33262,-0.0050297924189066645,0.024111403401444464,-7.003428788392934e-05,-0.0003758495336820848,0.0034735419818006765,-0.009916199798524695,-0.10233539264591897
224,2024-02-10,111523,1.3456,1.3458,1.33921,1.3482,1.33262,0.0,0.024111403401444464,-0.0003623431543951783,-0.00030520063775252163,0.00347345790671587,-0.009211772550287343,-0.10233539264591897
225,2024-02-11,1504,1.3459,1.34587,1.34576,1.34652,1.34523,0.004890943167987105,0.029120274073168417,0.0006892147398908366,-0.00017934181174849466,0.003571445224501487,0.04898222036713111,-0.10233539264591897
226,2024-02-12,98070,1.3455,1.34575,1.34554,1.3475,1.3427,-0.0001634763999525113,0.028952037195644875,0.00025038265246515867,-0.0001791551598450125,0.0035719661873957025,0.04747143538073752,-0.10233539264591897
227,2024-02-13,125658,1.351,1.34554,1.35656,1.35859,1.34315,0.008190020363571415,0.03737917533341539,0.001132564620365854,-7.55722234886742e-05,0.0038126151070028013,0.08621459811544206,-0.10233539264591897
228,2024-02-14,117707,1.3551,1.35658,1.35382,1.35721,1.3529,-0.002019814825735655,0.0352838614951676,0.0005697405152005711,-0.00012982174177565256,0.003822023074640513,0.048456593445100164,-0.10233539264591897
229,2024-02-15,112683,1.3513,1.35382,1.34652,1.35513,1.3458,-0.005392149621072262,0.02970145601370411,-0.00063319367575903,-0.0002542469764600662,0.003893022700846485,-0.033065076474311436,-0.10233539264591897
230,2024-02-16,107897,1.3483,1.34655,1.34052,1.35078,1.33933,-0.0044559308439533485,0.0251131775357889,-0.0006844532013704003,-0.0003264954478077502,0.00396909095064015,-0.07944774660077748,-0.10233539264591897
231,2024-02-17,107897,1.3483,1.34655,1.34052,1.35078,1.33933,0.0,0.0251131775357889,-0.000519809691413603,-0.00034488535126952385,0.0039649005380568095,-0.0679524937745581,-0.10233539264591897
232,2024-02-18,1346,1.3481,1.34688,1.34775,1.34858,1.34688,0.0053934294154507345,0.03064205310167667,0.0001766536046736017,-0.0002720555927799295,0.003966347613629451,0.025972940206004786,-0.10233539264591897
233,2024-02-19,75680,1.348,1.34774,1.3497,1.3501,1.3466,0.001446855870895769,0.032133243606998985,0.0009862346408989059,-0.00025183310497198014,0.003973012518875815,0.03823420516646089,-0.10233539264591897
234,2024-02-20,109661,1.351,1.34991,1.35232,1.35296,1.347,0.0019411721123212544,0.03413679187568852,0.001092338804390278,-0.00022908105603236005,0.003979468225252672,0.04113219658098939,-0.10233539264591897
235,2024-02-21,122231,1.3515,1.35235,1.3493,1.35362,1.3484,-0.0022331992427827574,0.03182735837513784,0.0003007674254158488,-0.0002585089565012982,0.00395639611705671,-0.009651013525967596,-0.10233539264591897
236,2024-02-22,117398,1.348,1.3495,1.348,1.35075,1.3438,-0.0009634625361297777,0.030833231371589553,0.00021188007695170806,-0.0001834038080944028,0.003948605575699943,-0.0024150637729253893,-0.10233539264591897
237,2024-02-23,108398,1.3488,1.34824,1.34207,1.3541,1.33968,-0.004399109792284861,0.026298482809250068,-0.001186912162587878,-0.0002214176366849442,0.003909406370314901,-0.08695389901312987,-0.10233539264591897
238,2024-02-24,108398,1.3488,1.34824,1.34207,1.3541,1.33968,0.0,0.026298482809250068,-0.001082799329694406,-0.00028286656828038504,0.0038639694943068494,-0.055445758601582344,-0.10233539264591897
239,2024-02-25,1329,1.3503,1.34904,1.35103,1.35105,1.34893,0.006676253846669589,0.03315031200293639,0.00042575110377332526,-0.0001756837429226155,0.003757608243181764,0.07178625797215317,-0.10233539264591897
240,2024-02-26,93083,1.3514,1.35102,1.35013,1.35285,1.34687,-0.000666158412470419,0.03246207023124925,0.0008994726577086914,-0.00018145403315258967,0.0037617328291569426,0.06583669786968588,-0.10233539264591897
241,2024-02-27,108540,1.3509,1.35013,1.35312,1.35392,1.3482,0.0022146015568871302,0.03474856233941037,0.0010455980909507402,-0.00015677197455722446,0.003606568198583504,0.027076776434328324,-0.10233539264591897
242,2024-02-28,108504,1.3567,1.35313,1.35775,1.3606,1.3525,0.0034217216507035353,0.03828918389820157,0.0008265194504232736,-0.0001211466468356237,0.003591624031396169,0.0887742485544766,-0.10233539264591897
243,2024-02-29,120178,1.3574,1.35774,1.3569,1.35974,1.35165,-0.0006260357208617284,0.03763917778049697,0.0005961981624502184,-0.0001055411975847804,0.0035902718401989737,0.09120147322773017,-0.10233539264591897
244,2024-03-01,102609,1.3569,1.35682,1.3562,1.3602,1.35265,-0.0005158817893727852,0.03710387862474018,0.00032319217337310285,-0.0001037095473114924,0.0035768265310800545,0.062381071860409615,-0.10233539264591897
245,2024-03-02,102609,1.3569,1.35682,1.3562,1.3602,1.35265,0.0,0.03710387862474018,0.0006427411003925854,-0.00010990087892537039,0.0035031617251119643,0.10115553470846785,-0.10233539264591897
246,2024-03-03,1699,1.3553,1.35463,1.35513,1.35564,1.35453,-0.0007889691785872843,0.036285635629512036,0.000664552770085397,-7.348476116159075e-05,0.003466218019223853,0.05746644825542543,-0.10233539264591897
247,2024-03-04,96308,1.3567,1.35508,1.3574,1.35837,1.3543,0.0016751160405275023,0.03802153432032318,0.0014238309991869424,-5.291298702407201e-05,0.0034745750429350628,0.07368174026690079,-0.10233539264591897
248,2024-03-05,107774,1.3583,1.35757,1.359,1.36049,1.3554,0.0011787240312362002,0.039245075247767325,0.00139659689163686,-2.835281011097515e-05,0.0034414401106171036,0.052685261305972175,-0.10233539264591897
249,2024-03-06,112070,1.3553,1.359,1.35118,1.35997,1.34719,-0.005754231052244263,0.03326501896488465,1.543190286865423e-05,-7.309092252475904e-05,0.00347209563527464,-0.05805804513818101,-0.10233539264591897
250,2024-03-07,116898,1.3492,1.35117,1.34528,1.35253,1.26239,-0.004366553679006513,0.02875321179493473,-0.00039572312674646733,-8.900544269115058e-05,0.0034872179139107534,-0.060081404902400805,-0.10233539264591897
251,2024-03-08,116728,1.3457,1.34526,1.335,1.34978,1.335,-0.007641531874405416,0.020891961336106712,-0.0014908490635567502,-0.00020414750028951336,0.0037372154078579734,-0.1083807824197971,-0.10233539264591897
252,2024-03-09,116728,1.3457,1.34526,1.335,1.34978,1.335,0.0,0.020891961336106712,-0.002104920402839286,-0.00017408346207428571,0.0037375116186270647,-0.10648020182488177,-0.10233539264591897
253,2024-03-10,2100,1.3488,1.34782,1.34805,1.34911,1.3478,0.00977528089887647,0.030871467025572086,-0.0008047558253720111,-5.015702343848172e-06,0.00405111915696247,0.022380711577096847,-0.10233539264591897
254,2024-03-11,100835,1.3485,1.34804,1.3475,1.35096,1.3467,-0.000407996736026095,0.03045087483176312,-0.0007912701937036748,-9.75665568128637e-06,0.004052592939799433,0.019185732367918183,-0.10233539264591897
255,2024-03-12,110296,1.3489,1.34773,1.34931,1.35254,1.34557,0.0013432282003711382,0.03183500550593421,-0.00055410370547314,1.1102367978029183e-05,0.003962153442180452,-0.015054406970247562,-0.10233539264591897
256,2024-03-13,101297,1.3482,1.34931,1.3463,1.34984,1.3457,-0.002230769800861121,0.029533219136180122,-0.0007143037746146774,-5.770326476151839e-05,0.0039847239156437534,-0.032076480625800714,-0.10233539264591897
257,2024-03-14,103625,1.3494,1.34653,1.3534,1.3542,1.3447,0.005273713139716252,0.03496268200171304,-0.00031445965248259416,-4.241251151316598e-05,0.003810463479237557,-0.05754802276017124,-0.10233539264591897
258,2024-03-15,95863,1.3534,1.35365,1.3527,1.35516,1.33024,-0.0005172159006945343,0.034427382845956256,-0.0005028974226971202,-4.79334811548098e-05,0.0037937992219369897,-0.044484448778368206,-0.10233539264591897
259,2024-03-16,95863,1.3534,1.35365,1.3527,1.35516,1.33024,0.0,0.034427382845956256,0.00015351928099627266,-5.247904391121197e-05,0.0036557586215872607,0.0016197128830884168,-0.10233539264591897
260,2024-03-17,1279,1.3544,1.35363,1.35459,1.3548,1.35363,0.0013972055888222812,0.03587269056649944,0.0008739891894748719,-3.223409493002554e-05,0.0035557867576557186,0.05202508224773312,-0.10233539264591897
261,2024-03-18,82247,1.3538,1.35458,1.3535,1.3553,1.3498,-0.0008046715242250313,0.035039153309678106,0.00172859673324742,-4.1215925503223285e-05,0.0035615809976638577,0.04438237198155142,-0.10233539264591897
262,2024-03-19,100488,1.3569,1.35348,1.3574,1.36134,1.3532,0.0028814185445142915,0.03802153432032296,0.0018566880456104056,1.8705008975993073e-06,0.003466633328608219,0.0266198975423616,-0.10233539264591897
263,2024-03-20,107260,1.3556,1.35742,1.34728,1.3605,1.3469,-0.007455429497568833,0.030282637954239577,-5.783533177240575e-05,-8.276565517412441e-05,0.0037310222606856845,-0.052190534881925946,-0.10233539264591897
264,2024-03-21,107144,1.35,1.34729,1.35274,1.35414,1.3454,0.004052609702511756,0.034457971369142415,0.000437787605842911,-4.129421799364302e-05,0.0037893970981345984,-0.032851038724472176,-0.10233539264591897
265,2024-03-22,94803,1.3574,1.35274,1.3604,1.3635,1.3517,0.005662581131629096,0.040315673559280674,0.0009177157093160174,8.900182044922089e-05,0.0039002780719103692,0.03434451660964062,-0.10233539264591897
266,2024-03-23,94803,1.3574,1.35274,1.3604,1.3635,1.3517,0.0,0.040315673559280674,0.0013112763980881598,0.00018183480267133887,0.0038936430673318476,0.04246389498428677,-0.10233539264591897
267,2024-03-24,1284,1.3608,1.36001,1.36117,1.36118,1.36001,0.000566009997059691,0.04090450263061318,0.0007228135052560897,0.0001966561815910869,0.00379062149100892,0.08491859876198522,-0.10233539264591897
268,2024-03-25,85746,1.359,1.36115,1.3585,1.36136,1.3568,-0.0019615477860956965,0.03886271870794111,0.0005422720195809444,0.00017156078661798477,0.003815985324529878,0.06777139352691013,-0.10233539264591897
269,2024-03-26,83943,1.3574,1.35854,1.35819,1.35904,1.34908,-0.00022819285977182524,0.03862565765324888,0.00045666481076397,0.0001808868599040565,0.0036288137304107443,0.006414020382034289,-0.10233539264591897
270,2024-03-27,89159,1.359,1.35819,1.3583,1.3608,1.3562,8.099014129103743e-05,0.03870977609201076,0.0003104186499271651,0.00016749054448916834,0.003625350200508595,0.013022521495238285,-0.10233539264591897
271,2024-03-28,95383,1.3568,1.35852,1.35363,1.36137,1.35093,-0.003438121180887821,0.03513856601003362,1.7813132520188508e-05,0.00018106201992535394,0.0036641244644314407,-0.0387060065910333,-0.10233539264591897
272,2024-03-29,34017,1.3544,1.3536,1.3539,1.35613,1.3028,0.00019946366436918161,0.03534503854153992,-0.0002801818541626015,0.00016315285242282974,0.0036077345098259905,-0.06861471313168287,-0.10233539264591897
273,2024-03-30,34017,1.3544,1.3536,1.3539,1.35613,1.3028,0.0,0.03534503854153992,0.0006167241012631774,0.0002313848279075254,0.0036063275288072925,-0.06279753089366343,-0.10233539264591897
274,2024-03-31,2840,1.3526,1.35384,1.35216,1.35391,1.3518,-0.0012851761577664655,0.03401443778294455,-5.049913127160022e-05,0.00020643454393957944,0.003612355820672401,-0.06983822544100785,-0.10233539264591897
275,2024-04-01,75767,1.3553,1.35214,1.35737,1.35863,1.3512,0.0038530943083658897,0.03799859292793406,-0.00027668498417950105,0.00024883756445616444,0.0036835772558501826,-0.034916234560425835,-0.10233539264591897
276,2024-04-02,83873,1.357,1.3571,1.35642,1.35844,1.35226,-0.0006998828617105213,0.03727211550226417,-0.00032370697057183665,0.00027410939890481914,0.003682925701887535,-0.03359711637501184,-0.10233539264591897
277,2024-04-03,88780,1.3552,1.3564,1.3524,1.3589,1.34959,-0.002963683814747542,0.03419796892206106,-0.0007158951718837514,0.00024412131065441458,0.0037091196749474125,-0.07623038655460307,-0.10233539264591897
278,2024-04-04,91658,1.3514,1.35238,1.35435,1.3559,1.3475,0.001441881100266107,0.03568915942738338,-0.00033773640673243993,0.00031072739926015495,0.003712597642551803,-0.07461852530668518,-0.10233539264591897
279,2024-04-05,103430,1.3585,1.35436,1.3588,1.36474,1.3538,0.0032857090117031085,0.039092132631837195,5.2697134542552725e-05,0.0003404733897728071,0.0036037521573410625,0.011056804369254318,-0.10233539264591897
280,2024-04-06,103430,1.3585,1.35436,1.3588,1.36474,1.3538,0.0,0.039092132631837195,4.9160508698992134e-05,0.0003235413553507224,0.0034998989844515186,0.05279952315500668,-0.10233539264591897
281,2024-04-07,1884,1.36,1.35929,1.3604,1.36053,1.3592,0.0011775095672652558,0.04031567355928134,0.0006261143522181267,0.0004549703175839392,0.0031603465323662636,0.133185260157069,-0.10233539264591897
282,2024-04-08,102058,1.359,1.36039,1.35707,1.36166,1.3516,-0.002447809467803652,0.03776917900403842,0.0002952052106965225,0.00042121706426547883,0.0032084919372235244,0.10758223471387482,-0.10233539264591897
283,2024-04-09,96591,1.3575,1.35706,1.35728,1.35985,1.3545,0.00015474514947655393,0.03792976875076559,0.0002795985372276371,0.00029568996604129684,0.0026944108926002675,0.02857786901686186,-0.10233539264591897
284,2024-04-10,113303,1.3638,1.35725,1.36885,1.3703,1.3555,0.008524401744665733,0.046777499082345075,0.0013695516374978814,0.0003905072770517793,0.0030863909143850465,0.12369607038381862,-0.10233539264591897
285,2024-04-11,120119,1.3688,1.3687,1.3686,1.37257,1.3659,-0.00018263505862570195,0.04658632081243219,0.0009211372633877045,0.000320516623047578,0.0030850780910646773,0.1101417017405658,-0.10233539264591897
286,2024-04-12,116009,1.3743,1.36867,1.3773,1.3787,1.3495,0.006356861025865745,0.05323932460540903,0.0017052199175628452,0.00037112786936009375,0.0032205214917368076,0.19436522677813564,-0.10233539264591897
287,2024-04-13,116009,1.3743,1.36867,1.3773,1.3787,1.3495,0.0,0.05323932460540903,0.0022888328841016436,0.00036879561578358314,0.0031078402662045265,0.14799962240491263,-0.10233539264591897
288,2024-04-14,2524,1.3765,1.37656,1.3759,1.37783,1.3753,-0.0010164815218181023,0.05216872629389546,0.0019815375563411175,0.00034864486960651744,0.0031152923648638236,0.14144328655668434,-0.10233539264591897
289,2024-04-15,126916,1.3758,1.37586,1.37865,1.37933,1.3723,0.001998691765390026,0.05427168726294007,0.0018206604005519822,0.0003678314614179536,0.0031240042541332154,0.16258740160966034,-0.10233539264591897
290,2024-04-16,144292,1.3811,1.3786,1.3819,1.38459,1.3772,0.0023573785950024018,0.05675700477181089,0.0018802957554909178,0.000399766979320674,0.003136939001381548,0.1743922941628218,-0.10233539264591897
291,2024-04-17,131593,1.3801,1.38188,1.37711,1.38376,1.37107,-0.0034662421304000324,0.0530940291202755,0.001364323344639219,0.0003672080898670647,0.003216716237133811,0.1458865711823357,-0.10233539264591897
292,2024-04-18,122296,1.376,1.37709,1.37707,1.37813,1.37266,-2.9046336167848352e-05,0.05306344059708934,0.0016330748037098638,0.0003333389380012099,0.003188730308020107,0.1177784208251062,-0.10233539264591897
293,2024-04-19,148909,1.3763,1.37707,1.3797,1.3804,1.36544,0.0019098520772364846,0.05507463599657547,0.0018280866845720783,0.0003640572443280039,0.0028219331089302576,0.20660799170031263,-0.10233539264591897
294,2024-04-20,148909,1.3763,1.37707,1.3797,1.3804,1.36544,0.0,0.05507463599657547,0.0009910473020603716,0.0003694833630251347,0.0027569519976815564,0.17057289680109095,-0.10233539264591897
295,2024-04-21,1815,1.3743,1.37444,1.3738,1.37524,1.3736,-0.0042762919475248795,0.05056282882662555,0.0004793401909479744,0.0003360582803855388,0.002732338649498231,0.06958080201915955,-0.10233539264591897
296,2024-04-22,107669,1.372,1.37388,1.3699,1.37497,1.3684,-0.0028388411704760586,0.0475804478159807,-0.0006701225835947511,0.000299140844910404,0.0027926674484914423,0.035300431538466855,-0.10233539264591897
297,2024-04-23,113858,1.3686,1.37,1.36617,1.37142,1.36324,-0.002722826483684826,0.044728068028876855,-0.0008982007947158705,0.00022630963371598356,0.002843348788198266,-0.0019409276740248616,-0.10233539264591897
298,2024-04-24,87149,1.3689,1.36615,1.3702,1.37287,1.3652,0.002949852507374562,0.047809861739876336,-0.0004574970136944634,0.0002351971822652258,0.0028603431133441847,0.04922765142078595,-0.10233539264591897
299,2024-04-25,112707,1.3688,1.37037,1.36594,1.37308,1.36438,-0.0031090351773465086,0.044552184020556496,-0.0010250222295540784,0.0001537826516851428,0.0029259402949007203,0.01564571351955273,-0.10233539264591897
300,2024-04-26,107808,1.3659,1.36589,1.3679,1.36956,1.35527,0.0014349092932339769,0.046051021656675406,-0.0011275188186394588,0.0001589156006519595,0.002934569006676518,0.0309460851809928,-0.10233539264591897
301,2024-04-27,107808,1.3659,1.36589,1.3679,1.36956,1.35527,0.0,0.046051021656675406,-0.0008351784046693872,0.00017507565297824633,0.002851989237291675,0.06191953867923843,-0.10233539264591897
302,2024-04-28,1283,1.3661,1.36706,1.36555,1.36706,1.3653,-0.001717961839315607,0.044253945919492166,-0.001046292842562857,0.00021820268702202425,0.0028769373719182995,0.039896317343104525,-0.10233539264591897
303,2024-04-29,110071,1.3654,1.36554,1.3665,1.36768,1.36142,0.000695690381165015,0.04498042334516206,-0.0011980630545717907,0.00022375486951205903,0.0028773260690897738,0.0476810683398107,-0.10233539264591897
304,2024-04-30,110500,1.3721,1.36673,1.3777,1.37846,1.366,0.008196121478228902,0.05354520983727018,-0.0001542647731494916,0.0003024131292711623,0.0031985312615339175,0.14481557027075478,-0.10233539264591897
305,2024-05-01,103036,1.3759,1.37773,1.37305,1.37827,1.36913,-0.0033751905349493905,0.04998929401688623,-5.414239397443726e-05,0.00022308422874256883,0.003219459540817702,0.0748494952564476,-0.10233539264591897
306,2024-05-02,110490,1.3706,1.37202,1.3666,1.37295,1.36568,-0.004697571100833908,0.045056894653127566,-0.00026066794179197613,0.00018735528820483096,0.0033462736868150036,0.03428311497755058,-0.10233539264591897
307,2024-05-03,112150,1.3665,1.36652,1.3685,1.36912,1.3608,0.0013903117225231298,0.04650984950446735,0.00019634741445335232,0.0001436366000241195,0.0032959164096331025,0.07484611209783715,-0.10233539264591897
308,2024-05-04,112150,1.3665,1.36652,1.3685,1.36912,1.3608,0.0,0.04650984950446735,-0.0001478407221617989,0.00018533860259473123,0.0032907052438153057,0.0617652414003066,-0.10233539264591897
309,2024-05-05,1183,1.3684,1.3666,1.36913,1.36919,1.3666,0.0004603580562658749,0.04699161874464841,0.00029833343203974905,0.00028554044092359026,0.003243938683523335,0.035983780941273955,-0.10233539264591897
310,2024-05-06,81356,1.367,1.36914,1.36647,1.3697,1.35956,-0.0019428396134770765,0.044957481952772715,-0.00012388518129913262,0.00025962904494218717,0.0032685576347501193,0.016091282569411912,-0.10233539264591897
311,2024-05-07,98464,1.3693,1.36651,1.3733,1.37412,1.3658,0.004998280240327224,0.05018047228679934,0.0004452443099926848,0.00024400176969155096,0.0033807620126744386,0.053033916318918746,-0.10233539264591897
312,2024-05-08,96030,1.3742,1.37334,1.37277,1.3763,1.37057,-0.00038593169737122235,0.04977517435458356,0.0005932476590976164,0.00027762431018119423,0.0033433011625957896,0.07466577499413983,-0.10233539264591897
313,2024-05-09,94081,1.3709,1.37281,1.36774,1.37378,1.36679,-0.003664124361692167,0.045928667563931214,0.00010882379878015176,0.00024377508102453496,0.003424244983926004,0.03739224192726236,-0.10233539264591897
314,2024-05-10,88086,1.3672,1.36778,1.36672,1.36902,1.36,-0.000745755772295964,0.0451486602226856,-0.0008847181179448333,0.00020872633199544164,0.0030508015429849037,-0.0628351311266653,-0.10233539264591897
315,2024-05-11,88086,1.3672,1.36778,1.36672,1.36902,1.36,0.0,0.0451486602226856,-0.0005734090658192637,0.00025261158279892937,0.0030507046312447193,-0.06087609532796549,-0.10233539264591897
316,2024-05-12,2012,1.3673,1.36655,1.36771,1.3678,1.3664,0.0007243619761181375,0.04590572617154165,0.00010433256879974206,0.00022175489664204965,0.0028069441186772646,-0.1182483213070496,-0.10233539264591897
317,2024-05-13,79494,1.3675,1.36772,1.36658,1.36896,1.3651,-0.000826198536239442,0.045041600391534375,-0.0001727312135455794,0.00020956939160854393,0.0028086715873144896,-0.12818766412095725,-0.10233539264591897
318,2024-05-14,89226,1.3662,1.36662,1.36534,1.36899,1.3631,-0.0009073746139998118,0.04409335617276544,-0.00025435825804049413,0.00016360454585561716,0.0028077242053918343,-0.12822126208004714,-0.10233539264591897
319,2024-05-15,94390,1.3625,1.36533,1.35974,1.3661,1.35622,-0.0041015424729371475,0.03981096292671138,-0.0007612360946186077,5.272314387304397e-05,0.0028594496126145945,-0.19747596368331197,-0.10233539264591897
320,2024-05-16,92875,1.3616,1.35976,1.36146,1.3641,1.3588,0.0012649477105917128,0.04112626942371378,-0.00040481528083318667,0.00011388061857121523,0.002829177953679366,-0.20775763130818495,-0.10233539264591897
321,2024-05-17,80095,1.3622,1.36144,1.3611,1.36436,1.3599,-0.00026442201753995587,0.04085097271503901,-0.0009895599761517622,0.00013408037744894573,0.002772972123465271,-0.1752116607752719,-0.10233539264591897
322,2024-05-18,80095,1.3622,1.36144,1.3611,1.36436,1.3599,0.0,0.04085097271503901,-0.0010650135109993297,0.00013775516957477925,0.0027731061260655734,-0.17509180915595807,-0.10233539264591897
323,2024-05-19,1713,1.3608,1.36121,1.36086,1.36131,1.3603,-0.00017632797002420375,0.0406674415759225,-0.0006290389620408343,0.0001948547513263376,0.0027395278126562993,-0.19983858662563952,-0.10233539264591897
324,2024-05-20,89210,1.3613,1.36085,1.36232,1.36352,1.3594,0.001072850991284957,0.0417839226722152,-0.0004017131165932192,0.0002050640099305076,0.002752637619560631,-0.18684901601571427,-0.10233539264591897
325,2024-05-21,100688,1.364,1.36228,1.3641,1.36752,1.35845,0.0013065946326855649,0.04314511195399673,-0.00021190114445113206,0.000163385538589792,0.002670344131006853,-0.11840341204916172,-0.10233539264591897
326,2024-05-22,101683,1.3663,1.36406,1.36901,1.36979,1.362,0.0035994428560954805,0.04689985317509038,0.00010755228665746162,0.0002071404136601175,0.0027120631609816952,-0.04032065192121122,-0.10233539264591897
327,2024-05-23,117876,1.3693,1.36901,1.37326,1.37433,1.36244,0.0031044331305103423,0.05014988376361362,0.0005442891385185487,0.0001480056783919655,0.002720333575870653,0.02957743830098524,-0.10233539264591897
328,2024-05-24,97086,1.3701,1.37325,1.3674,1.37381,1.3646,-0.004267218152425589,0.04566866511684986,0.00017097318980457347,0.00012187308156998951,0.0027849337316882736,-0.055911059557801825,-0.10233539264591897
329,2024-05-25,97086,1.3701,1.37325,1.3674,1.37381,1.3646,0.0,0.04566866511684986,0.0007050376476472886,0.00018674393689519246,0.00272493092869045,-0.020590424727964882,-0.10233539264591897
330,2024-05-26,1900,1.3665,1.36612,1.36697,1.3671,1.36572,-0.00031446540880497587,0.04533983849259937,0.0005076110077227025,0.00023546705966164393,0.0027127238798099603,-0.040862391399512484,-0.10233539264591897
331,2024-05-27,58123,1.365,1.36696,1.36282,1.36704,1.3581,-0.0030359115415847793,0.04216627921204141,0.00016117481721709959,0.000197427773600639,0.0027680486648073866,-0.07746295285971451,-0.10233539264591897
332,2024-05-28,100634,1.3632,1.36281,1.36469,1.3654,1.3612,0.0013721547966716319,0.04359629267099163,0.00029572814826760315,0.00015066876640553315,0.002764038799075694,-0.041065779272830984,-0.10233539264591897
333,2024-05-29,106599,1.3682,1.36469,1.37169,1.3723,1.3644,0.005129370040082515,0.048949284228559486,0.0008852501493905719,0.00019348869860537902,0.0029177347555835714,0.009493498888018093,-0.10233539264591897
334,2024-05-30,108837,1.37,1.3717,1.36833,1.37345,1.3658,-0.0024495330577608554,0.046379848280927005,0.0004938741439410372,0.0001424339873253545,0.002523724012350793,-0.10860226221815523,-0.10233539264591897
335,2024-05-31,116823,1.365,1.36834,1.3628,1.36894,1.35413,-0.0040414227562064475,0.04215098495044867,-0.00010035001038029752,0.00012140813251810229,0.002555141679711807,-0.126695052811929,-0.10233539264591897
336,2024-06-01,116823,1.365,1.36834,1.3628,1.36894,1.35413,0.0,0.04215098495044867,-0.0005628241186897698,0.00013417131685513616,0.002412951191806366,-0.08035297401727941,-0.10233539264591897
337,2024-06-02,2660,1.3626,1.36285,1.36189,1.36328,1.3617,-0.0006677428823010922,0.041455096047964934,-0.001034346120291199,0.00017806975109023934,0.002398627144387808,-0.10413723799230229,-0.10233539264591897
338,2024-06-03,122450,1.3635,1.36192,1.36284,1.36685,1.36,0.000697560008517506,0.042181573473634826,-0.0004137488501733122,0.0001841103354789285,0.002403593504091953,-0.09490193884136831,-0.10233539264591897
339,2024-06-04,129677,1.3671,1.36288,1.36766,1.36988,1.3618,0.0035367321182238065,0.045867490517560006,2.519347964858988e-05,0.0001476042688690938,0.0024938160141790983,-0.05272158383363187,-0.10233539264591897
340,2024-06-05,112740,1.3688,1.36764,1.36901,1.37415,1.3663,0.0009870874340114355,0.046899853175091044,0.0001698104621837467,0.0001668280577816735,0.002473725496439078,-0.019991580756248132,-0.10233539264591897
341,2024-06-06,102807,1.3684,1.36899,1.36682,1.37098,1.36538,-0.0015996961307807034,0.045225131530651996,0.0003293899522730885,0.00012247575908786148,0.0023077174787088533,-0.09291743262388868,-0.10233539264591897
342,2024-06-07,120259,1.3709,1.36678,1.37394,1.37673,1.36544,0.0052091716539119925,0.050669888657777884,0.0007557251586331285,0.00014326006145075053,0.0025059896252109448,-0.02017077886232954,-0.10233539264591897
343,2024-06-08,120259,1.3709,1.36678,1.37394,1.37673,1.36544,0.0,0.050669888657777884,0.00020901954845195525,0.00015231060006619146,0.0024070002609737576,0.015015075414060074,-0.10233539264591897
344,2024-06-09,2378,1.3762,1.37572,1.37586,1.37679,1.3755,0.0013974409362855766,0.05213813777071086,0.0006898912977077593,0.00017482027919158395,0.002411189263896807,0.04214211733677534,-0.10233539264591897
345,2024-06-10,105083,1.3766,1.3759,1.37601,1.37817,1.3747,0.00010902272033486149,0.052252844732658676,0.0012086969822754229,0.00017405519129790113,0.0024109205834174567,0.043309336200298136,-0.10233539264591897
346,2024-06-11,108821,1.3767,1.37602,1.37546,1.37915,1.3745,-0.00039970639748265757,0.05183225253884971,0.0010299854956356362,0.00017858150270609445,0.0024116854432632497,0.028954427709307982,-0.10233539264591897
347,2024-06-12,121825,1.3719,1.37549,1.37212,1.3762,1.36577,-0.002428278539543083,0.04927811085281042,0.0008343704226087483,0.00013086761224015742,0.002452384525163088,0.005551822048248941,-0.10233539264591897
348,2024-06-13,115679,1.3742,1.37214,1.37442,1.37634,1.36541,0.0016762382298924905,0.05103695093601135,0.0009431124472059688,0.0001366526610617422,0.0024597697519752387,0.03884256590879041,-0.10233539264591897
349,2024-06-14,118362,1.3751,1.3744,1.37018,1.37792,1.36429,-0.0030849376464253675,0.0477945674782847,0.00020737136224494948,0.00016769095647824097,0.0024045077576067505,0.04363053618112353,-0.10233539264591897
350,2024-06-15,118362,1.3751,1.3744,1.37018,1.37792,1.36429,0.0,0.0477945674782847,0.00010990685327413874,0.00022103501101335574,0.002397317431526045,0.02847797004864696,-0.10233539264591897
351,2024-06-16,2413,1.3732,1.37335,1.3733,1.37385,1.37227,0.0022770730852881282,0.05018047228680067,0.0005945030052827427,0.00033772448112739744,0.002424520319942588,0.06276004238959772,-0.10233539264591897
352,2024-06-17,94828,1.3741,1.37346,1.37139,1.37642,1.3711,-0.0013908104565644175,0.048719870304664514,-0.00023049475852680856,0.00031762523766586467,0.002443682545632408,0.04359845320129409,-0.10233539264591897
353,2024-06-18,103764,1.3729,1.37137,1.37168,1.3757,1.3707,0.00021146428076623813,0.04894163709776378,-0.00018138819860535893,0.00020641806768783875,0.0024423531911715243,0.04845633766261056,-0.10233539264591897
354,2024-06-19,65711,1.3713,1.37168,1.3705,1.3726,1.36777,-0.0008602589525253945,0.04803927566377375,-0.00043224374180657793,0.00020115920470528873,0.0024458546183860432,0.02356233058163313,-0.10233539264591897
355,2024-06-20,82480,1.3704,1.37065,1.36847,1.3721,1.36686,-0.0014812112367749153,0.04648690811207912,-0.0006089364037076642,0.00016831688566870673,0.002455398793734842,-0.012984016340810037,-0.10233539264591897
356,2024-06-21,75725,1.3694,1.36842,1.3691,1.37176,1.36505,0.00046036814836991624,0.04696867735225996,-0.0005133725652796005,0.00019960918740395136,0.0023668374824671974,-0.05095062853723651,-0.10233539264591897
357,2024-06-22,75725,1.3694,1.36842,1.3691,1.37176,1.36505,0.0,0.04696867735225996,-0.0002740093184966652,0.00013991384678851252,0.0022933736837761815,-0.08925808366212792,-0.10233539264591897
358,2024-06-23,2368,1.3695,1.3687,1.37001,1.3702,1.36849,0.0006646702213133349,0.04766456625474391,-0.00040045531956905966,0.00015381838940036982,0.002156958119725476,-0.02832008835048612,-0.10233539264591897
359,2024-06-24,92975,1.3675,1.37,1.36578,1.3708,1.36445,-0.003087568703878052,0.04442982992781386,-0.0004007842017506452,0.00011612784180410908,0.002232543737949023,-0.07473597851707611,-0.10233539264591897
360,2024-06-25,90811,1.3656,1.36579,1.36611,1.36804,1.36063,0.00024162017308793082,0.04468218524409928,-0.0003294059378796923,0.0001026908020862678,0.0022324700053435414,-0.06757431077659663,-0.10233539264591897
361,2024-06-26,96927,1.3682,1.3659,1.37047,1.37076,1.3648,0.003191543872748337,0.04801633427138441,-0.0002277980726063358,0.00014915842298130697,0.0022317576471062835,0.016313844057175123,-0.10233539264591897
362,2024-06-27,96736,1.3691,1.37046,1.3698,1.37123,1.3674,-0.00048888337577635,0.047503976508016965,-0.00012758395251877275,0.00010996886576862509,0.0022235866416848455,-0.007906444437877158,-0.10233539264591897
363,2024-06-28,111975,1.3699,1.36995,1.36507,1.3734,1.36482,-0.0034530588407065688,0.0438868836412607,-0.0005347531882379735,0.00015650805945307002,0.0021068299573843018,-0.12165493368314446,-0.10233539264591897
364,2024-06-29,111975,1.3699,1.36995,1.36507,1.3734,1.36482,0.0,0.0438868836412607,-0.0004940649677020459,0.00011067156953473254,0.0020619916946350647,-0.08964845219380108,-0.10233539264591897
365,2024-06-30,2451,1.3671,1.36705,1.3673,1.36745,1.36598,0.001633615858527282,0.045592193808885684,-0.00010471158078927123,6.32719780864759e-05,0.0019426576627695794,-0.00937757684255649,-0.10233539264591897
366,2024-07-01,85654,1.3699,1.36741,1.37378,1.37482,1.3661,0.004739267168873074,0.050547534565034136,0.00043015079677362345,0.00011764401518864564,0.0021180400314947593,0.0649825269294104,-0.10233539264591897
